1915	A Burlesque on Carmen	Ben Turpin	1869	1940	Remendados - The Smuggler
1915	A Burlesque on Carmen	Charles Chaplin	1889	1977	Officer Darn Hosiery
1915	A Burlesque on Carmen	Peter Sellers	1925	1980	Narrator 1951 UK Sound Version
1920	Outside the Law	Lon Chaney	1883	1930	"Black Mike Sylva"",""Ah Wing"
1920	Outside the Law	Ralph Lewis	1872	1937	Silent Madden
1920	Outside the Law	Wheeler Oakman	1890	1949	Dapper Bill Ballard
1923	Malar Pirates	Albert Christiernsson	1910	1998	Erik
1923	Malar Pirates	Einar Hanson	1899	1927	Georg Schalén
1923	Malar Pirates	Georg Grönroos	1885	1927	Schalén
1923	Malar Pirates	Nils Aréhn	1877	1928	Count
1923	Malar Pirates	Tom Walter	1907	1953	Fabian
1924	Manhandled	Ian Keith	1899	1960	Robert Brandt
1924	Manhandled	Tom Moore	1883	1955	Jim Hogan
1925	Lights of Old Broadway	Conrad Nagel	1897	1970	Dirk de Rhonde
1925	Lights of Old Broadway	Frank Currier	1857	1928	Lambert de Rhonde
1925	Lights of Old Broadway	George K. Arthur	1899	1985	Andy
1925	The Phantom of the Opera	Arthur Edmund Carewe	1884	1937	Ledoux
1925	The Phantom of the Opera	Lon Chaney	1883	1930	The Phantom
1925	The Phantom of the Opera	Norman Kerry	1894	1956	Vicomte Raoul de Chagny
1928	Beggars of Life	Bob Perry	1878	1962	The Arkansaw Snake
1928	Beggars of Life	Richard Arlen	1899	1976	The Boy - Jim
1928	Beggars of Life	Roscoe Karns	1891	1970	Lame Hoppy
1928	Beggars of Life	Wallace Beery	1885	1949	Oklahoma Red
1929	Berth Marks	Baldwin Cooke	1888	1953	Train Passenger
1929	Berth Marks	Harry Bernard	1878	1940	Train Passenger
1929	Berth Marks	Oliver Hardy	1892	1957	Ollie
1929	Berth Marks	Sammy Brooks	1891	1951	Short Train Passenger
1929	Berth Marks	Stan Laurel	1890	1965	Stan
1931	David Golder	Harry Baur	1880	1943	David Golder
1931	David Golder	Jean Bradin	1899	1969	Prinz Alec, Joyce Verlobter
1932	The Crowd Roars	Eric Linden	1909	1994	Edward 'Eddie' Greer
1932	The Crowd Roars	James Cagney	1899	1986	Joe Greer
1933	Ex-Lady	Frank McHugh	1898	1981	Hugo Van Hugh
1933	Ex-Lady	Gene Raymond	1908	1998	Don Peterson
1933	Ex-Lady	Monroe Owsley	1900	1937	Nick Malvyn
1954	Carnival Story	George Nader	1921	2002	Bill Vines
1954	Carnival Story	Lyle Bettger	1915	2003	Frank Colloni
1954	Carnival Story	Steve Cochran	1917	1965	Joe Hammond
1954	Creature from the Black Lagoon	Antonio Moreno	1887	1967	Dr. Carl Maia
1954	Creature from the Black Lagoon	Richard Carlson	1912	1977	Dr. David Reed
1954	Creature from the Black Lagoon	Richard Denning	1914	1998	Dr. Mark Williams
1954	Dial M for Murder	John Williams	1903	1983	Chief Inspector Hubbard
1954	Dial M for Murder	Ray Milland	1907	1986	Tony Wendice
1954	Dial M for Murder	Robert Cummings	1910	1990	Mark Halliday
1954	Drums Across the River	Audie Murphy	1924	1971	Gary Brannon
1954	Drums Across the River	Lyle Bettger	1915	2003	Frank Walker
1954	Drums Across the River	Walter Brennan	1894	1974	Sam Brannon
1954	Karin Mu00e5nsdotter	Jarl Kulle	1927	1997	King Erik of Sweden
1954	Karin Mu00e5nsdotter	Olof Widgren	1907	1999	Castle vicar
1954	Karin Mu00e5nsdotter	Ulf Palme	1920	1993	Göran Persson
1954	Twist of Fate	Herbert Lom	1917	2012	Emil Landosh
1954	Twist of Fate	Stanley Baker	1928	1976	Louis Galt
1955	Cult of the Cobra	Marshall Thompson	1925	1992	Tom Markel
1955	Cult of the Cobra	Richard Long	1927	1974	Paul Able
1955	Rififi	Carl Möhner	1921	2005	Jo le Suédois
1955	Rififi	Jean Servais	1910	1976	Tony le Stéphanois
1955	Rififi	Robert Manuel	1916	1995	Mario Ferrati
1955	Smoke Signal	Dana Andrews	1909	1992	Brett Halliday
1955	Smoke Signal	Rex Reason	1928	2015	Lt. Wayne Ford
1955	Smoke Signal	William Talman	1915	1968	Capt. Harper
1955	The Beast with a Million Eyes	Dick Sargent	1930	1994	Deputy Larry Brewster
1955	The Beast with a Million Eyes	Paul Birch	1912	1969	Allan Kelley
1956	Friendly Persuasion	Anthony Perkins	1932	1992	Josh Birdwell
1956	Friendly Persuasion	Gary Cooper	1901	1961	Jess Birdwell
1956	Friendly Persuasion	Richard Eyer	1945	\N	Little Jess Birdwell
1956	Rock Rock Rock!	Alan Freed and his Rock 'n Roll Band	\N	\N	Alan Freed and his Rock 'n Roll Band
1956	The Mountain	Robert Wagner	1930	\N	Christopher 'Chris' Teller
1956	The Mountain	Spencer Tracy	1900	1967	Zachary Teller
1956	The Mountain	William Demarest	1892	1983	Father Belacchi
1956	War and Peace	Henry Fonda	1905	1982	Pierre Bezukhov
1956	War and Peace	Mel Ferrer	1917	2008	Prince Andrei Bolkonsky
1956	War and Peace	Vittorio Gassman	1922	2000	Anatol Kuragin
1957	The Brain from Planet Arous	Henry Travis	\N	\N	Col. Frogley
1957	The Brain from Planet Arous	John Agar	1921	2002	Steve March
1957	The Brain from Planet Arous	Ken Terrell	1904	1966	Colonel in Conference Room
1957	The Brain from Planet Arous	Robert Fuller	1933	\N	Dan Murphy
1957	The Brain from Planet Arous	Thomas Browne Henry	1907	1980	John Fallon
1957	The Brothers Rico	Larry Gates	1915	1996	Sid Kubik
1957	The Brothers Rico	Richard Conte	1910	1975	Eddie Rico
1962	u00dche ku00fcla mehed	Einari Koppel	1925	1978	Kustas
1962	u00dche ku00fcla mehed	Helend Peep	1910	2007	Juhan
1962	u00dche ku00fcla mehed	Kaarel Karm	1906	1979	Niglas
1962	u00dche ku00fcla mehed	Oskar Liigand	1911	1995	Ervin
1965	The Symbol of a Man: The Rule for a Vagabond	Hideki Takahashi	1944	\N	\N
1965	The Symbol of a Man: The Rule for a Vagabond	Hiroshi Izumi	\N	\N	\N
1965	The Symbol of a Man: The Rule for a Vagabond	Hiroshi Kondô	1928	2010	\N
1965	The Symbol of a Man: The Rule for a Vagabond	Nakajirô Tomita	1911	1990	\N
1965	The Symbol of a Man: The Rule for a Vagabond	Tamio Kawaji	1938	2018	\N
1976	The Most Perverted Post War Crimes	Hideo Murota	1937	2002	\N
1976	The Most Perverted Post War Crimes	Takuzô Kawatani	1941	1995	\N
2002	Blue	Jun Murakami	1973	\N	Older guy
2002	Blue Gate Crossing	Bo-lin Chen	1983	\N	Zhang Shihao
2003	DC 9/11: Time of Crisis	David Fonteno	\N	\N	Secretary of State Colin Powell
2003	DC 9/11: Time of Crisis	Gregory Itzin	1948	2022	Atty. Gen. John Ashcroft
2003	DC 9/11: Time of Crisis	John Cunningham	1932	\N	Secretary of Defense Donald Rumsfeld
2003	DC 9/11: Time of Crisis	Timothy Bottoms	1951	\N	President George W. Bush
2003	In Hell	Carlos Gómez	\N	\N	Tolik
2003	In Hell	Jean-Claude Van Damme	1960	\N	Kyle LeBlanc
2003	In Hell	Lawrence Taylor	1959	\N	451
2003	In Hell	Lloyd Battista	1937	\N	General Hruschov
2003	Sexphone & the Lonely Wave	Anant Boonnark	\N	\N	DJ Man
2003	Sexphone & the Lonely Wave	Cheathavuth Watcharakhun	\N	\N	Tao
2003	Sexphone & the Lonely Wave	Kavee Tanjararak	\N	\N	Deu
2003	Sexphone & the Lonely Wave	Somchai Samipak	\N	\N	Deu's Grandfather
2004	13 Going on 30	Andy Serkis	1964	\N	Richard Kneeland
2004	13 Going on 30	Mark Ruffalo	1967	\N	Matt Flamhaff
2004	Be with You	Akashi Takei	1997	\N	Yuji
2004	Be with You	Shidô Nakamura	1972	\N	Takumi
2004	Christmas with the Kranks	Dan Aykroyd	1952	\N	Vic Frohmeyer
2004	Christmas with the Kranks	M. Emmet Walsh	1935	\N	Walt Scheel
2004	Christmas with the Kranks	Tim Allen	1953	\N	Luther Krank
2004	Eve's Christmas	Sebastian Spence	1969	\N	Scott
2004	Eve's Christmas	Winston Rekert	1949	2012	William
2004	From Other Worlds	Jonah Meyerson	1991	\N	Henry Schwartzbaum
2004	From Other Worlds	Robert Downey Sr.	1936	2021	Baker
2004	Install	Ryunosuke Kamiki	1993	\N	Kazuyoshi Aoki
2004	Install	Shichinosuke Nakamura	1983	\N	Kouichi
2004	Install	Takashi Ukaji	1962	\N	\N
2004	Kamikaze Girls	Hiroyuki Miyasako	1970	\N	Momoko's Father
2004	Kamikaze Girls	Sadao Abe	1970	\N	"Ryuji 'the Unicorn'"",""Doctor"
2004	Madhouse	Joshua Leonard	1975	\N	Clark Stevens
2004	Madhouse	Lance Henriksen	1940	\N	Dr. Franks
2004	Raise Your Voice	John Corbett	1961	\N	Mr. Torvald
2004	Raise Your Voice	Oliver James	1980	\N	Jay Corgan
2004	Silver City	Billy Zane	1966	\N	Chandler Tyson
2004	Silver City	Chris Cooper	1951	\N	Dickie Pilager
2005	Back to You and Me	Dale Midkiff	1959	\N	Gus Martin
2005	Brothers in Arms	David Carradine	1936	2009	Driscoll
2005	Brothers in Arms	Gabriel Casseus	1972	\N	Linc
2005	Brothers in Arms	Jared Day	\N	\N	Wolverton's Nephew
2005	Brothers in Arms	Raymond Cruz	1961	\N	Reverend
2005	Devour	Jensen Ackles	1978	\N	Jake Gray
2005	Devour	William Sadler	1950	\N	Ivan Reisz
2005	Jarhead	Jake Gyllenhaal	1980	\N	Anthony Swofford
2005	Jarhead	Jamie Foxx	1967	\N	Staff Sgt. Sykes
2005	Jarhead	Lucas Black	1982	\N	Chris Kruger
2005	Jarhead	Scott MacDonald	\N	\N	D.I. Fitch
2005	Las vueltas del citrillo	Alfredo Barrera	\N	\N	Cabo de guardia
2005	Las vueltas del citrillo	Damián Alcázar	1953	\N	Sargento collazo
2005	Las vueltas del citrillo	Jorge Zárate	1962	\N	Cabo aboytes
2005	Las vueltas del citrillo	José María Yazpik	1970	\N	José Isabel
2005	Las vueltas del citrillo	Pedro Altamirano	\N	\N	Soto Tercero
2005	McBride: Anybody Here Murder Marty?	John Larroquette	1947	\N	Mike McBride
2005	McBride: Anybody Here Murder Marty?	Matt Lutz	1978	\N	Phil Newberry
2005	Only the Night	Bruno Todeschini	1962	\N	Louis
2005	Only the Night	Nicolas Duvauchelle	1980	\N	Julien
2005	Riding the Bus with My Sister	D.W. Moffett	1954	\N	Rick
2005	Riding the Bus with My Sister	Richard T. Jones	1972	\N	Jesse
2005	Storm	Eric Ericson	1974	\N	Donny 'DD' Davidsson
2005	Storm	Jonas Karlsson	1971	\N	"Man i kostym"",""Man in suit"
2005	The 40-Year-Old Virgin	Paul Rudd	1969	\N	David
2005	The 40-Year-Old Virgin	Romany Malco	1968	\N	Jay
2005	The 40-Year-Old Virgin	Steve Carell	1962	\N	Andy
2005	The Legend of Zorro	Alberto Reyes	\N	\N	Brother Ignacio
2005	The Legend of Zorro	Antonio Banderas	1960	\N	"Don Alejandro de la Vega"",""Zorro"
2005	The Legend of Zorro	Rufus Sewell	1967	\N	Armand
2005	The Man	Eugene Levy	1946	\N	Andy Fiddler
2005	The Man	Luke Goss	1968	\N	Joey Kane
2005	The Man	Miguel Ferrer	1955	2017	Agent Peters
2005	The Man	Samuel L. Jackson	1948	\N	Derrick Vann
2005	The Marksman	Anthony Warren	\N	\N	Capt. Naish
2005	The Marksman	Wesley Snipes	1962	\N	Painter
2005	The Marksman	William Hope	1955	\N	Johnathan Tensor
2005	The Nativity Story	Oscar Isaac	1979	\N	Joseph
2006	ATL	Evan Ross	1988	\N	Ant
2006	ATL	Greg Andrews	\N	\N	Jay
2006	ATL	Tip 'T.I.' Harris	1980	\N	Rashad
2006	Bon Cop Bad Cop	Michel Beaudry	\N	\N	Journaliste
2006	Bon Cop Bad Cop	Patrice Bélanger	1978	\N	Tattoo Killer
2006	Bon Cop Bad Cop	Pierre Boudreau	\N	\N	Falardeau le castor
2006	Eragon	Ed Speleers	1988	\N	Eragon
2006	Eragon	Jeremy Irons	1948	\N	Brom
2006	Eragon	John Malkovich	1953	\N	Galbatorix
2006	Hatchet	Deon Richmond	1978	\N	Marcus
2006	Hatchet	Joel David Moore	1977	\N	Ben
2006	Hatchet	Kane Hodder	1955	\N	"Victor Crowley"",""Mr. Crowley"
2006	Longford	Jim Broadbent	1949	\N	Lord Longford
2006	Longford	Lee Boardman	1972	\N	Talk Show Host
2006	Longford	Tam Dean Burn	1958	\N	Roy
2006	Pulse	Ian Somerhalder	1978	\N	Dexter
2006	Pulse	Rick Gonzalez	1979	\N	Stone
2006	S@motnosc w sieci	Andrzej Chyra	1964	\N	Jakub
2006	S@motnosc w sieci	Szymon Bobrowski	1972	\N	"Marek"",""Ewa's husband"
2006	Tales from Earthsea	Jun'ichi Okada	1980	\N	Arren
2006	Tales from Earthsea	Timothy Dalton	1946	\N	Sparrowhawk
2006	Tales from Earthsea	Willem Dafoe	1955	\N	Cob
2006	The Marine	Anthony Ray Parker	1958	\N	Morgan
2006	The Marine	John Cena	1977	\N	John Triton
2006	The Marine	Robert Patrick	1958	\N	Rome
2007	Counter Investigation	Aurélien Recoing	1958	\N	Josse
2007	Counter Investigation	Jean Dujardin	1972	\N	Richard Malinowski
2007	Counter Investigation	Laurent Lucas	1965	\N	Daniel Eckmann
2007	Du00e9trompez-vous	François Cluzet	1955	\N	Lionel
2007	Du00e9trompez-vous	Roschdy Zem	1965	\N	Thomas
2007	Jekyll	Jonathan Silverman	1966	\N	Lanyon
2007	Jekyll	Matt Keeslar	1972	\N	"Dr. Henry Jekyll"",""Mr. Hyde"
2007	Kingdom of War: Part 1	Jukrit Ammarat	\N	\N	King Nandabayin
2007	Kingdom of War: Part 1	Manop Aswathep	\N	\N	Lord Sawankhalok
2007	Kingdom of War: Part 1	Sarunyu Wongkrachang	1961	2020	King Mahachakraphat
2007	Kingdom of War: Part 1	Sorapong Chatree	1950	2022	Mahathera Kanchong
2007	Shall We Kiss?	Emmanuel Mouret	1970	\N	Nicolas
2007	Shall We Kiss?	Michaël Cohen	1970	\N	Gabriel
2007	The Air I Breathe	Andy Garcia	1956	\N	Fingers
2007	The Air I Breathe	Brendan Fraser	1968	\N	Pleasure
2007	The Air I Breathe	Kevin Bacon	1958	\N	Love
2007	The Final Season	Jesse Henecke	1963	\N	Principal Halbestrom
2007	The Final Season	Powers Boothe	1948	2017	Jim Van Scoyoc
2007	The Final Season	Sean Astin	1971	\N	Kent Stock
2007	The Number 23	Danny Huston	1962	\N	"Isaac French"",""Dr. Miles Phoenix"
2007	The Number 23	Jim Carrey	1962	\N	"Walter Sparrow"",""Fingerling"
2007	The Number 23	Logan Lerman	1992	\N	Robin Sparrow
2007	The Signal	Justin Welborn	1973	\N	Ben Capstone
2007	The Signal	Sahr Ngaujah	\N	\N	Rod
2007	The Signal	Scott Poythress	1976	\N	Clark
2007	The Simpsons Movie	Dan Castellaneta	1957	\N	"Homer Simpson"",""Itchy"",""Barney"
2007	Turn the River	Jaymie Dornan	\N	\N	Gulley
2007	Turn the River	Matt Ross	1970	\N	David
2007	Turn the River	Rip Torn	1931	2019	Quinette
2007	Watching the Detectives	Cillian Murphy	1976	\N	Neil
2007	Watching the Detectives	Jason Sudeikis	1975	\N	Jonathan
2007	Watching the Detectives	Michael Panes	1963	\N	Lucien
2007	What We Do Is Secret	Noah Segan	1983	\N	Don Bolles
2007	What We Do Is Secret	Rick Gonzalez	1979	\N	Pat Smear
2007	What We Do Is Secret	Shane West	1978	\N	Darby Crash
2008	Dernier maquis	Abel Jafri	\N	\N	Un mécanicien
2008	Dernier maquis	Christian Milia-Darmezin	\N	\N	Titi
2008	Dernier maquis	Salim Ameur-Zaïmeche	\N	\N	Un mécanicien
2008	Dernier maquis	Sylvain Roume	\N	\N	Un mécanicien
2008	Hell Ride	Dennis Hopper	1936	2010	Eddie Zero
2008	Hell Ride	Larry Bishop	1948	\N	Pistolero
2008	Hell Ride	Michael Madsen	1957	\N	The Gent
2008	One Missed Call	Edward Burns	1968	\N	Jack Andrews
2008	One Missed Call	Ray Wise	1947	\N	Ted Summers
2008	Snakes and Earrings	Arata Iura	1974	\N	Shiba
2008	Snakes and Earrings	Ennosuke Ichikawa IV	\N	\N	Detective
2008	Snakes and Earrings	Kengo Kôra	1987	\N	Ama
2008	The 27 Club	David P. Emrich	1982	\N	Three Words
2008	The 27 Club	Joe Anderson	1982	\N	Elliot
2008	The Children of Huang Shi	Chow Yun-Fat	1955	\N	Jack (Chen Hansheng)
2008	The Children of Huang Shi	Jonathan Rhys Meyers	1977	\N	George Hogg
2008	The Cottage	Andy Serkis	1964	\N	David
2008	The Cottage	Reece Shearsmith	1969	\N	Peter
2008	The Cottage	Steven O'Donnell	1963	\N	Andrew
2008	Tokyo Sonata	Kai Inowaki	1995	\N	Kenji Sasaki
2008	Tokyo Sonata	Teruyuki Kagawa	1965	\N	Ryûhei Sasaki
2008	Tokyo Sonata	Yû Koyanagi	1988	\N	Takashi Sasaki
2009	Elou00efse's Lover	Bernat Saumell	\N	\N	Nathaniel
2009	Life During Wartime	Michael Kenneth Williams	1966	2021	Allen
2009	North	Anders Baasmo	1976	\N	Jomar Henriksen
2009	North	Kyrre Hellum	1973	\N	Lasse
2009	North	Mads Sjøgård Pettersen	\N	\N	Ulrik
2009	Stay Cool	Mark Polish	1970	\N	Henry McCarthy
2009	Stay Cool	Sean Astin	1971	\N	Big Girl
2010	An Elf's Story: The Elf on the Shelf	Brendan Dooling	1990	\N	Chippy
2010	An Elf's Story: The Elf on the Shelf	Doug Williams	1950	2016	Santa Claus
2010	An Elf's Story: The Elf on the Shelf	Michael May	1999	\N	Taylor McTuttle
2010	Crazy on the Outside	Ray Liotta	1954	2022	Gray
2010	Crazy on the Outside	Tim Allen	1953	\N	Tommy
2010	Leap Year	Adam Scott	1973	\N	Jeremy
2010	Leap Year	John Lithgow	1945	\N	Jack
2010	Leap Year	Matthew Goode	1978	\N	Declan
2010	Sin tetas no hay parau00edso	Fabio Restrepo	1959	2022	Marcial
2010	Sin tetas no hay parau00edso	Juan Sebastián Calero	\N	\N	"Albeiro"",""Catalina's ex-boyfriend"
2010	Sin tetas no hay parau00edso	Ramiro Meneses	\N	\N	Titi
2010	The Company We Keep	Brooklyn McLinn	\N	\N	Harrison
2010	The Company We Keep	Stephen Bishop	\N	\N	Dwight
2010	The John Cena Experience	John Cena	1977	\N	John Cena
2011	Catch .44	Forest Whitaker	1961	\N	Ronny
2011	Deck the Halls	Eric Johnson	1979	\N	Jack Riley
2011	I Love Wing Chun	Liang Tian	1979	\N	Wing Chun
2011	I Love Wing Chun	Pak-Cheung Chan	1958	\N	\N
2011	I Love Wing Chun	Wah Yuen	1950	\N	Uncle Chun
2011	Immortals	Henry Cavill	1983	\N	Theseus
2011	Immortals	John Hurt	1940	2017	Old Man
2011	Immortals	Mickey Rourke	1952	\N	King Hyperion
2011	Immortals	Stephen Dorff	1973	\N	Stavros
2011	Limitless	Bradley Cooper	1975	\N	Eddie Morra
2011	Limitless	Robert De Niro	1943	\N	Carl Van Loon
2011	Sanctum	Christopher James Baker	\N	\N	J.D.
2011	Sanctum	Rhys Wakefield	\N	\N	Josh
2011	Sanctum	Richard Roxburgh	1962	\N	Frank
2011	Scream 4	David Arquette	1971	\N	Dewey Riley
2011	The Future	David Warshofsky	1961	\N	Marshall
2011	The Future	Hamish Linklater	1976	\N	Jason
2011	Thor	Anthony Hopkins	1937	\N	Odin
2011	Thor	Chris Hemsworth	1983	\N	Thor
2011	Thor	Tom Hiddleston	1981	\N	Loki
2012	21 Jump Street	Channing Tatum	1980	\N	Jenko
2012	21 Jump Street	Ice Cube	1969	\N	Captain Dickson
2012	21 Jump Street	Jonah Hill	1983	\N	Schmidt
2012	Abel's Field	Kevin Sorbo	1958	\N	Abel
2012	Abel's Field	Richard Dillard	\N	\N	Coach Chalmers
2012	Abel's Field	Samuel Davis	\N	\N	Seth
2012	Bottled Life: Nestle's Business with Water	Hanspeter Müller	1955	\N	Narrator
2012	Dogman	Larry Joe Campbell	1970	\N	Hanklin Purvis
2012	Good Vibrations	Cathal Maguire	\N	\N	Young Terri Hooley
2012	Good Vibrations	Charlie Berkeley	\N	\N	Boy 1
2012	Good Vibrations	Jack Carberry	\N	\N	Boy 2
2012	Good Vibrations	Peter Kelly	\N	\N	Hank Williams
2012	Rommel	Benjamin Sadler	1971	\N	Gen. Speidel
2012	Rommel	Johannes Silberschneider	1958	\N	Adolf Hitler
2012	Rommel	Tim Bergmann	1972	\N	Oberstleutnant Hofacker
2012	Rommel	Ulrich Tukur	1957	\N	Erwin Rommel
2012	Saving the Titanic	Ciarán McMenamin	1975	\N	Leading Fireman Fred Barrett
2012	Saving the Titanic	David Wilmot	\N	\N	Chief Engineer Joseph Bell
2012	Saving the Titanic	Liam Cunningham	1961	\N	Narrator
2012	Saving the Titanic	Owen McDonnell	1974	\N	Trimmer Thomas Dillon
2012	The Accidental Missionary	Mendy Adair	\N	\N	Flight Attendent
2012	The Accidental Missionary	Seth Adair	\N	\N	DJ Miller
2012	The Eleventh Victim	Colin Cunningham	1966	\N	Curtis Burrell Cruise
2012	The Eleventh Victim	David James Lewis	1976	\N	Matt Leonard
2012	The Eleventh Victim	Tyron Leitso	1976	\N	Adam
2012	Welcome to the North	Alessandro Siani	1975	\N	Mattia Volpe
2012	Welcome to the North	Claudio Bisio	1957	\N	Alberto Colombo
2012	Winged Seduction: Birds of Paradise	Josh Goodman	\N	\N	Narrator
2013	12 Rounds 2: Reloaded	Brian Markinson	1961	\N	Heller
2013	12 Rounds 2: Reloaded	Randy Orton	1980	\N	Nick Malloy
2013	12 Rounds 2: Reloaded	Tom Stevens	\N	\N	Tommy Weaver
2013	Blue Is the Warmest Colour	Aurélien Recoing	1958	\N	Père Adèle
2013	Blue Is the Warmest Colour	Salim Kechiouche	1979	\N	Samir
2013	Breakin L.A.	Karla Lemus	\N	\N	\N
2013	CrazySexyCool: The TLC Story	Evan Ross	1988	\N	Dallas Austin
2013	Dracula: The Dark Prince	Ben Robson	1984	\N	Lucian
2013	Dracula: The Dark Prince	Luke Roberts	1977	\N	Dracula
2013	Dracula: The Impaler	Christian Gehring	1989	\N	Adam
2013	Dracula: The Impaler	Teo Celigo	\N	\N	Dominic
2013	Gu00f6tterdu00e4mmerung	Gerd Grochowski	1956	2017	Gunther
2013	Gu00f6tterdu00e4mmerung	Johannes Martin Kränzle	\N	\N	Alberich
2013	Hansel & Gretel Get Baked	Cary Elwes	1962	\N	Meter Man
2013	Hansel & Gretel Get Baked	Michael Welch	1987	\N	Hansel
2013	Hotel De Sade	Fish Chaar	1974	\N	Zhang Li
2013	Hotel De Sade	Joanne-Marie Sim	\N	\N	Scarlet
2013	Hotel De Sade	William Lawandi	\N	\N	Boss
2013	Mindless Behavior: All Around the World	Myles Brown	\N	\N	\N
2013	Mindless Behavior: All Around the World	Princeton	1996	\N	\N
2013	Mindless Behavior: All Around the World	Ray Ray	\N	\N	\N
2013	Mindless Behavior: All Around the World	Roc Royal	\N	\N	\N
2013	Oculus	Brenton Thwaites	1989	\N	Tim Russell
2013	Oculus	Rory Cochrane	1972	\N	Alan Russell
2013	Rape Zombie: Lust of the Dead 2	Hayato Abe	\N	\N	\N
2013	Tales from the Organ Trade	David Cronenberg	1943	\N	Narrator
2013	The House Across the Street	Alex Rocco	1936	2015	Mr. Barnes
2013	The House Across the Street	Courtney Gains	1965	\N	Ned
2013	The House Across the Street	Eric Roberts	1956	\N	Officer Peterson
2013	The House Across the Street	Ethan Embry	1978	\N	Tom
2013	The Sweeter Side of Life	Alastair Mackenzie	1970	\N	Benny Christophe
2013	The Sweeter Side of Life	James Best	1926	2015	Paddy Kerrigan
2013	The Sweeter Side of Life	Steve Varnom	\N	\N	Eddie Rubinski
2013	Way Back Home	Go Soo	1978	\N	Jong-bae
2013	Wer	Brian Scott O'Connor	\N	\N	Talan Gwynek
2013	Wer	Sebastian Roché	\N	\N	Klaus Pistor
2013	Wer	Simon Quarterman	\N	\N	Gavin Flemyng
2014	Could This Be Love	Steven Sutton	\N	\N	Terrance
2014	Could This Be Love	Thomas Mikal Ford	1964	2016	Carvin
2014	Dead on Campus	Peter Michael Dillon	\N	\N	Garrett Kellison
2014	Debug	Adrian Holmes	1974	\N	Capra
2014	Debug	Jason Momoa	1979	\N	I Am
2014	Debug	Kjartan Hewitt	\N	\N	Mel
2014	Everlasting Love	Aimar Vega	\N	\N	Toni
2014	Everlasting Love	Joan Bentallé	1963	\N	Carlos
2014	Everlasting Love	Sonny Smith	\N	\N	Adam
2014	Gutshot Straight	George Eads	1967	\N	Jack
2014	Gutshot Straight	Steven Seagal	1952	\N	Paulie Trunks
2014	Gutshot Straight	Ted Levine	1957	\N	Lewis
2014	Love Again	Jason K. Allen	\N	\N	Restaurant Customer
2014	Love Again	Kevin Sorbo	1958	\N	Curtis Hanighan
2014	Lullaby	Garrett Hedlund	1984	\N	Jonathan
2014	Lullaby	Richard Jenkins	1947	\N	Robert
2014	Mardaani	Anant Vidhaat	\N	\N	Sunny Katyal
2014	Mardaani	Jisshu Sengupta	1977	\N	Dr. Shivaji Roy
2014	Mr. Miracle	Rob Morrow	1962	\N	Harry Mills
2014	Mrs. Brown's Boys D'Movie	Brendan O'Carroll	1955	\N	"Agnes Brown"",""Mr Wang"
2014	Mrs. Brown's Boys D'Movie	Dermot O'Neill	\N	\N	Grandad Brown
2014	Northmen - A Viking Saga	Ken Duken	1979	\N	Thorald
2014	Northmen - A Viking Saga	Ryan Kwanten	1976	\N	Conall
2014	Northmen - A Viking Saga	Tom Hopper	1985	\N	Asbjörn
2014	Shirin in Love	Marshall Manesh	1950	\N	Nader
2014	Shirin in Love	Riley Smith	1978	\N	William
2014	Socialphobia	Jin-soo Byeon	\N	\N	Jin-goo
2014	Socialphobia	Lee Joo-seung	1989	\N	Yong-Min
2014	Socialphobia	Yo-Han Byun	1986	\N	Ji-weong
2014	Socialphobia	Yoo-ram Bae	1986	\N	Jeong-bae
2014	The Big Fat Stone	Jason Blicker	\N	\N	Prosecutor Jeremy Levine
2014	The Big Fat Stone	Paul Amato	1955	\N	Criminal #1
2014	The Big Fat Stone	Ray Abruzzo	1954	\N	Detective Moreschi
2014	The Infinite Man	Alex Dimitriades	1973	\N	Terry
2014	The Infinite Man	Josh McConville	\N	\N	Dean
2014	To Kill a Man	Ariel Mateluna	1989	\N	Jorgito
2014	To Kill a Man	Daniel Antivilo	\N	\N	Kalule
2014	To Kill a Man	Daniel Candia	\N	\N	Jorge
2014	When the Game Stands Tall	Alexander Ludwig	1992	\N	Chris Ryan
2014	When the Game Stands Tall	Jim Caviezel	1968	\N	Bob Ladouceur
2014	When the Game Stands Tall	Michael Chiklis	1963	\N	Terry Eidson
2015	A Horse for Christmas	Cody Howard	\N	\N	Blake
2015	A Horse for Christmas	David Raizor	\N	\N	Freeman
2015	A Horse for Christmas	Martin Kove	1947	\N	Carson
2015	A Horse for Christmas	Mike Mayhall	\N	\N	Billy
2015	A Month of Sundays	Anthony LaPaglia	1959	\N	Frank Mollard
2015	A Month of Sundays	John Clarke	1948	2017	Phillip Lang
2015	Bourek	Robert Rees	\N	\N	"Cal"",""TJ Crush"
2015	Bourek	Sergej Trifunovic	1972	\N	Mirko
2015	Bourek	William Leroy	\N	\N	W.C. Rupperts
2015	Chicken	Morgan Watkins	\N	\N	Polly
2015	Chicken	Scott Chambers	\N	\N	Richard
2015	Contracted: Phase II	Matt Mercer	1980	\N	Riley
2015	Contracted: Phase II	Morgan Peter Brown	\N	\N	BJ
2015	Day Out of Days	Cameron Britton	1986	\N	Mick
2015	Day Out of Days	Chris Brenner	\N	\N	Walker
2015	Guardians of Oz	Dino Andrade	1963	\N	"Tin Woodman"",""Gak"
2015	Guardians of Oz	Jordan Ancel	\N	\N	"Derp"",""Huge Tree"
2015	Guardians of Oz	Lourdes Arruti	\N	\N	\N
2015	Guardians of Oz	Raymundo Armijo	\N	\N	Portero
2015	Guns for Hire	Ben Mendelsohn	1969	\N	Kyle Sullivan
2015	Guns for Hire	Jeffrey Dean Morgan	1966	\N	Bruce
2015	Help, I Shrunk My Teacher	Axel Stein	1982	\N	Peter Vorndran
2015	Help, I Shrunk My Teacher	Justus von Dohnányi	1960	\N	Schulrat Henning
2015	Help, I Shrunk My Teacher	Oskar Keymer	2003	\N	Felix Vorndran
2015	High-Rise	Jeremy Irons	1948	\N	Royal
2015	High-Rise	Luke Evans	1979	\N	Wilder
2015	High-Rise	Tom Hiddleston	1981	\N	Laing
2015	Jeff Dunham: Unhinged in Hollywood	Brad Paisley	1972	\N	Performer
2015	Jeff Dunham: Unhinged in Hollywood	Chris Parnell	1967	\N	Network Executive
2015	Justice League: Throne of Atlantis	Christopher Gorham	1974	\N	"The Flash"",""Barry Allen"
2015	Justice League: Throne of Atlantis	Nathan Fillion	1971	\N	Green Lantern
2015	Justice League: Throne of Atlantis	Sean Astin	1971	\N	Shazam
2015	Kakekomi	Yô Ôizumi	1973	\N	Shinjiro Nakamura
2015	Letter Never Sent	Callard Harris	\N	\N	Henry
2015	Love on the Sidelines	John Reardon	\N	\N	Danny Holland
2015	Once Upon a Holiday	Greg Evigan	1953	\N	George Holt
2015	Once Upon a Holiday	Paul Campbell	1979	\N	Jack Langdon
2015	Rendez-Vous	Barry Atsma	1972	\N	Vincent Stevens
2015	Rendez-Vous	Marwan Kenzari	1983	\N	Tom Fenneker
2015	Tangerine	Karren Karagulian	\N	\N	Razmik
2015	Teen Beach 2	Garrett Clayton	1991	\N	Tanner
2015	Teen Beach 2	Ross Lynch	1995	\N	Brady
2015	Thani Oruvan	Arvind Swami	1970	\N	Siddharth Abimanyu
2015	Thani Oruvan	Jayam Ravi	1980	\N	Mithran IPS
2015	Thani Oruvan	Nassar	1958	\N	Chief Minister
2015	The C Word	Paul Nicholls	1979	\N	Pete Lynch
2015	The C Word	Tom Hutch	\N	\N	Jack
2015	The Cutting Room	Parry Glasspool	1992	\N	Raz
2015	The Cutting Room	TJ Herbert	\N	\N	Mark Kallis
2015	The Millionaires' Unit	Bruce Dern	1936	\N	Narrator
2015	The Millionaires' Unit	Dan J. Evans	\N	\N	Trubee Davison
2015	The Millionaires' Unit	Gregory Hoyt	\N	\N	Erl Gould
2015	The Millionaires' Unit	Steven Haworth	\N	\N	Bob Lovett
2015	The Preppie Connection	Guillermo Arribas	\N	\N	Fidel
2015	The Preppie Connection	Logan Huffman	1989	\N	Ellis Tynes
2015	The Preppie Connection	Thomas Mann	1991	\N	Tobias Hammel
2015	The SpongeBob Movie: Sponge Out of Water	Antonio Banderas	1960	\N	Burger Beard
2015	The SpongeBob Movie: Sponge Out of Water	Bill Fagerbakke	1957	\N	"Patrick"",""Male Fish"",""Eager Customer"
2015	The SpongeBob Movie: Sponge Out of Water	Clancy Brown	1959	\N	Mr. Krabs
2015	The SpongeBob Movie: Sponge Out of Water	Tom Kenny	1962	\N	"SpongeBob"",""Gary"",""Agreeable Mob Member"
2015	True Story	James Franco	1978	\N	Christian Longo
2015	True Story	Jonah Hill	1983	\N	Michael Finkel
2015	Truman	Javier Cámara	1967	\N	Tomás
2015	Truman	Ricardo Darín	1957	\N	Julián
2015	Truman	Troilo	\N	\N	Truman
2015	Truth	Dennis Quaid	1954	\N	Lt. Col. Roger Charles
2015	Truth	Robert Redford	1936	\N	Dan Rather
2015	Victor Frankenstein	Andrew Scott	1976	\N	Inspector Turpin
2015	Victor Frankenstein	Daniel Radcliffe	1989	\N	Igor
2015	Victor Frankenstein	James McAvoy	1979	\N	Victor Frankenstein
2015	Woman in Gold	Daniel Brühl	1978	\N	Hubertus Czernin
2015	Woman in Gold	Ryan Reynolds	1976	\N	Randy Schoenberg
2016		Adeel Hashmi	\N	\N	"Jehangir"",""J"
2016		Mohib Mirza	\N	\N	Vicky
2016	A Chinese Odyssey: Part Three	Jing Wu	1974	\N	\N
2016	A Chinese Odyssey: Part Three	Yibo Wang	1997	\N	Red Boy
2016	A Quiet Passion	Benjamin Wainwright	\N	\N	Young Austin
2016	Bad People	Bear Badeaux	\N	\N	Pizza Guy
2016	Bad People	Ben Gleib	1978	\N	Rob Richards
2016	Bad People	Bradley Fletcher	\N	\N	Dale
2016	Bad People	Jason Faunt	1974	\N	Ben
2016	Bad People	Ken Bhan	\N	\N	Pradeep
2016	Brotherhood	Arnold Oceng	1985	\N	Henry Okocha
2016	Brotherhood	Noel Clarke	1975	\N	Sam Peel
2016	Center of My World	Jannik Schümann	1992	\N	Nicholas
2016	Center of My World	Louis Hofmann	1997	\N	Phil
2016	Ceresia	Daniel Bielinski	\N	\N	Eddie
2016	Ceresia	Joshua Kaufman	\N	\N	Young Eddie
2016	Cherry Returns	Ge Hu	1982	\N	Hoodie
2016	Cherry Returns	Ka-Tung Lam	1967	\N	Inspector Deng
2016	Down Under	Chris Bunton	\N	\N	Evan
2016	Down Under	Fayssal Bazzi	\N	\N	D-Mac
2016	Down Under	Michael Denkha	\N	\N	Ibrahim
2016	Felicia Impastato	Antonio Catania	1952	\N	Rocco Chinnici
2016	Felicia Impastato	Carmelo Galati	\N	\N	Giovanni Impastato
2016	Felicia Impastato	Ettore Belmondo	\N	\N	Maresciallo Travali
2016	Felicia Impastato	Fabrizio Ferracane	1975	\N	Umberto Santino
2016	Felicia Impastato	Gaetano Aronica	\N	\N	Antonino Caponnetto
2016	Felicia Impastato	Giorgio Colangeli	1949	\N	dott. Ideale Del Carpio
2016	Frankenstein Created Bikers	Jett Bryant	\N	\N	Jett
2016	Frankenstein Created Bikers	Laurence R. Harvey	1970	\N	Klaus
2016	Gantz: O	Daisuke Ono	1978	\N	Masaru Katô
2016	Gantz: O	Tomohiro Kaku	1984	\N	Jôichirô Nishi
2016	Home Invasion	Jason Patric	1966	\N	Mike
2016	Home Invasion	Liam Dickinson	\N	\N	Jacob
2016	Home Invasion	Scott Adkins	1976	\N	Heflin
2016	In-Lawfully Yours	Philip Boyd	1975	\N	Chaz
2016	Midnight Special	Adam Driver	1983	\N	Sevier
2016	Midnight Special	Joel Edgerton	1974	\N	Lucas
2016	Midnight Special	Michael Shannon	1974	\N	Roy
2016	Murder, She Baked Murder, She Baked: A Peach Cobbler Mystery	Cameron Mathison	1969	\N	Mike
2016	Musudan	Ji-han Do	\N	\N	Choi Cheol
2016	Musudan	Kim Dong-young	\N	\N	Sergeant No Il-kwon
2016	Musudan	Min-Joon Kim	1976	\N	Captain Jo Jin-ho
2016	Musudan	Oh Jong-Hyuk	\N	\N	Sergeant first class Yoo Cheol-hwan
2016	Musudan	Yu Hwan Park	\N	\N	Gu Yun Gil
2016	My Many Sons	Alex MacNicoll	\N	\N	'Sunny' Sundance Wicks
2016	My Many Sons	Jonathan 'Lil J' McDaniel	1985	\N	Pete Froedden
2016	My Many Sons	Judge Reinhold	\N	\N	Coach Don Meyer
2016	My Many Sons	Michael Papajohn	1964	\N	Pete's Dad
2016	No Beast So Fierce	Bailey Chase	1972	\N	Charlie Sundstrom
2016	No Beast So Fierce	Dylan Baker	1959	\N	Hank
2016	Our Kind of Traitor	Carlos Acosta	1973	\N	Ballet Dancer
2016	Our Kind of Traitor	Radivoje Bukvic	1979	\N	Misha
2016	Our Kind of Traitor	Stellan Skarsgård	1951	\N	Dima
2016	Plan B	Can Aydin	1985	\N	Can
2016	Plan B	Cha-Lee Yoon	\N	\N	Cha
2016	Plan B	Eugene Boateng	1985	\N	U-Gin
2016	Plan B	Phong Giang	1985	\N	Phong
2016	Porto	Anton Yelchin	1989	2016	Jake Kleeman
2016	Porto	Paulo Calatré	1976	\N	João Monteiro Oliveira
2016	Possession	Adam Burnette	\N	\N	Officer Gamble
2016	Possession	Blake Watson	\N	\N	Officer Wallace
2016	Possession	Damian Duke Domingue	\N	\N	Kent
2016	Possession	Matt Burke	\N	\N	Bart
2016	Possession	Reid Meadows	\N	\N	Reese
2016	Soulmate	Gang Cai	\N	\N	Qiyue's dad
2016	Soulmate	Toby Lee	1987	\N	Su Jiaming
2016	The Boss	Peter Dinklage	1969	\N	Renault
2016	The Curse of Sleeping Beauty	Bruce Davison	1946	\N	Richard
2016	The Curse of Sleeping Beauty	Ethan Peck	1986	\N	Thomas
2016	The Do-Over	Adam Sandler	1966	\N	Max
2016	The Do-Over	David Spade	1964	\N	Charlie
2016	The Girl with All the Gifts	Fisayo Akinade	1987	\N	Kieran Gallagher
2016	The Girl with All the Gifts	Paddy Considine	1973	\N	Sgt Eddie Parks
2016	The Limehouse Golem	Douglas Booth	1992	\N	Dan Leno
2016	The Limehouse Golem	Sam Reid	1987	\N	John Cree
2016	The Mobfathers	Anthony Chau-Sang Wong	1961	\N	Godfather
2016	The Mobfathers	Chapman To	1972	\N	Chuck
2016	The Mobfathers	Gregory Wong	1978	\N	Wulf
2016	The Mobfathers	Philip Keung	1966	\N	Luke
2016	The Mobfathers	Singh Hartihan Bitto	\N	\N	Prisoner
2016	The Wilding	Antonio Jaramillo	\N	\N	Carlos Hayes
2016	Under the Shadow	Arash Marandi	1984	\N	Dr. Reza
2016	Under the Shadow	Bobby Naderi	\N	\N	Iraj
2016	Wake Up Singh	Gagandeep Singh Pasricha	\N	\N	Hero
2016	Wake Up Singh	Manmeet Singh Sawhney	\N	\N	Hero's Father
2016	Wake Up Singh	Vikram Kumar	1983	\N	Main Villain Bunty
2016	We Need to Talk	Luis Jaspe	\N	\N	Camarero Latino
2016	Wolves at the Door	Adam Campbell	1980	\N	Wojciech Frykowski
2016	Wolves at the Door	Miles Fisher	1983	\N	Jay Sebring
2016	Your Name.	Ryo Narita	1993	\N	Katsuhiko Teshigawara
2016	Your Name.	Ryunosuke Kamiki	1993	\N	Taki Tachibana
2017	1922	Dylan Schmid	1999	\N	Henry James
2017	1922	Thomas Jane	1969	\N	Wilfred James
2017	2020	Bruce Thomas	1961	\N	Pierce
2017	2020	Ed Amatrudo	\N	\N	Keegan
2017	2020	Rib Hillis	1970	\N	Rob
2017	Alex & The List	Aaron Staton	1980	\N	Michael
2017	Alex & The List	Patrick Fugit	1982	\N	Alex Buckingham
2017	Baby Bump(s)	Lambert Wilson	1958	\N	Marc Daursault
2017	Bluebeard	Cho Jin-woong	1976	\N	Seung-hoon
2017	Bluebeard	Dae-Myung Kim	\N	\N	Sung-geun
2017	Bluebeard	Goo Shin	1936	\N	Sung-geun's Father
2017	Break Night	Devon Werkheiser	1991	\N	Joey
2017	Break Night	Jared Abrahamson	1987	\N	Jimmy
2017	Creature Cabin	Joshua Diaz	\N	\N	Bo
2017	Creature Cabin	Sean McIntyre	\N	\N	The Boss
2017	Dreams I Never Had	Iyad Hajjaj	\N	\N	Sam Sahal
2017	Dreams I Never Had	Malcolm McDowell	1943	\N	Judge Messner
2017	Gogol. Nachalo	Filipp Dyachkov	1987	\N	Zakhar
2017	Gogol. Nachalo	Sergey Badyuk	1970	\N	Vakula
2017	Haunted	Ken Vedsegaard	1972	\N	Marcus
2017	Her Side of the Bed	Adam Brooks	\N	\N	Cameron
2017	Hotel Inferno 2: The Cathedral of Pain	Michael Howe	1952	\N	Mistrandia
2017	Hotel Inferno 2: The Cathedral of Pain	Rayner Bourton	\N	\N	Frank Zimosa
2017	Hotel Inferno 2: The Cathedral of Pain	Roland Stone	\N	\N	The Witch
2017	Housewife	Ali Aksöz	\N	\N	"Timucin"",""Husband"
2017	Housewife	David Sakurai	\N	\N	"Bruce"",""ULM leader"
2017	JoJo's Bizarre Adventure: Diamond Is Unbreakable - Chapter 1	Kento Yamazaki	1994	\N	Josuke Higashikata
2017	JoJo's Bizarre Adventure: Diamond Is Unbreakable - Chapter 1	Masaki Okada	1989	\N	Keicho Nijimura
2017	JoJo's Bizarre Adventure: Diamond Is Unbreakable - Chapter 1	Ryunosuke Kamiki	1993	\N	Koichi Hirose
2017	Mad Genius	Chris Mason	1991	\N	Mason
2017	Mad Genius	Faran Tahir	1963	\N	Eden
2017	Mad Genius	Scott Mechlowicz	\N	\N	Phin
2017	Megan Leavey	Bradley Whitford	1959	\N	Bob
2017	Megan Leavey	Ramón Rodríguez	1979	\N	Cpl. Matt Morales
2017	Megan Leavey	Tom Felton	1987	\N	Sergeant Andrew Dean
2017	One Day	Kim Nam-gil	1980	\N	Kang-soo
2017	Outrage Coda	Ken Mitsuishi	1961	\N	Gomi
2017	Outrage Coda	Takeshi Kitano	1947	\N	Otomo
2017	Outrage Coda	Tatsuo Nadaka	1951	\N	Shiroyama
2017	Outrage Coda	Toshiyuki Nishida	1947	\N	Underboss Nishino
2017	Samuel Barber: Absolute Beauty	Thomas Larson	\N	\N	\N
2017	The Cakemaker	Roi Miller	\N	\N	Oren Nachmias
2017	The Cakemaker	Tim Kalkhof	1987	\N	Thomas
2017	The Cakemaker	Zohar Strauss	1972	\N	Moti
2017	The Curse of Buckout Road	Danny Glover	1946	\N	Dr. Lawrence Powell
2017	The Curse of Buckout Road	Dominique Provost-Chalkley	1990	\N	Cleo Harris
2017	The Curse of Buckout Road	Evan Ross	1988	\N	Aaron Powell
2017	The Curse of Buckout Road	Henry Czerny	1959	\N	Detective Roy Harris
2017	The Forest of the Lost Souls	Jorge Mota	1955	\N	Ricardo
2017	The Forgiven	Eric Bana	1968	\N	Piet Blomfeld
2017	The Forgiven	Forest Whitaker	1961	\N	Desmond Tutu
2017	The Forgiven	Jeff Gum	\N	\N	Francois Schmidt
2017	The Forgiven	Rob Gough	\N	\N	Howard Varney
2017	The Gaelic King	Alasdair Blair	\N	\N	King Eachdach
2017	The Gaelic King	Peter Cosgrove	\N	\N	Fergus
2017	The Gaelic King	Simon DeSilva	\N	\N	King Unust
2017	The Highway Rat	David Tennant	1971	\N	The Highway Rat
2017	The Highway Rat	Rob Brydon	1965	\N	"Narrator"",""The Horse"
2017	The Highway Rat	Tom Hollander	1967	\N	The Squirrel
2017	The Little Vampire 3D	Jim Carter	1948	\N	Rookery
2017	The Little Vampire 3D	Joseph Kloska	1982	\N	Maney
2017	The Little Vampire 3D	Rasmus Hardiker	1985	\N	"Rudolph Sackville-Bagg"",""Gregory Sackville-Bagg"
2017	The Man from Earth: Holocene	Davi Santos	\N	\N	Second Student
2017	The Man from Earth: Holocene	David Lee Smith	1963	\N	John
2017	The Man from Earth: Holocene	Doug Haley	\N	\N	First Student
2017	Vikram Vedha	Kathir	1991	\N	Pulli
2017	Vikram Vedha	Madhavan	1970	\N	Vikram
2017	Vikram Vedha	Vijay Sethupathi	1978	\N	Vedha
2017	Where Birds Don't Fly	Anfisa Jacobs	\N	\N	Woman of Grace
2017	Where Birds Don't Fly	Bailey Estevan	\N	\N	Reece
2017	Where Birds Don't Fly	Dylan Hobbs	\N	\N	Detective Curtis
2017	Where Birds Don't Fly	Lamar Bell	\N	\N	Arresting Police Officer
2017	Wonderstruck	Oakes Fegley	\N	\N	Ben
2018	A Boy Called Sailboat	J.K. Simmons	1955	\N	Ernest
2018	A Boy Called Sailboat	Julian Atocani Sanchez	\N	\N	Sailboat
2018	A Boy Called Sailboat	Keanu Wilson	\N	\N	Peeti
2018	A Boy Called Sailboat	Noel Gugliemi	1970	\N	José
2018	Abducted	Daniel Joseph	\N	\N	Dane Hunte
2018	Abducted	Michael Urie	1980	\N	Todd Meisner
2018	All About Nina	Brodie Reed	\N	\N	Comedy Show Host
2018	All About Nina	Jay Mohr	1970	\N	Mike
2018	Astro	Gary Daniels	1963	\N	Jack Adams
2018	Astro	Louis Mandylor	1966	\N	Viktor Khol
2018	Astro	Marshal Hilton	1955	\N	Alexander Biggs
2018	Backstabbing for Beginners	Ben Kingsley	1943	\N	Pasha Pasaris
2018	Backstabbing for Beginners	Theo James	1984	\N	Michael
2018	Backtrace	Christopher McDonald	1955	\N	Special Agent Franks
2018	Backtrace	Ryan Guzman	1987	\N	Lucas
2018	Backtrace	Sylvester Stallone	1946	\N	Det. Sykes
2018	Capernaum	Boluwatife Treasure Bankole	\N	\N	Yonas
2018	Capernaum	Zain Al Rafeea	2004	\N	Zain
2018	Conviction	Laurent Lucas	1965	\N	Jacques Viguier
2018	Conviction	Olivier Gourmet	1963	\N	Maître Eric Dupond-Moretti
2018	Conviction	Philippe Uchan	\N	\N	Olivier Durandet
2018	Daphne & Velma	Brian Stepanek	1971	\N	Nedley Blake
2018	Fahrenheit 451	Aaron Davis	\N	\N	Child Montag
2018	Fahrenheit 451	Michael B. Jordan	1987	\N	Guy Montag
2018	Fahrenheit 451	Michael Shannon	1974	\N	Captain Beatty
2018	Fallen	Habin Yoon	\N	\N	UN
2018	Fallen	Taeyoung Jang	\N	\N	Hyungjoo Jang
2018	Hide in the Light	Eric Roberts	1956	\N	Father Wes
2018	Hide in the Light	Jesse James	1989	\N	Todd
2018	Hide in the Light	Sterling Jones	\N	\N	Eric
2018	Home by Spring	Kix Brooks	1955	\N	Arthur
2018	Home by Spring	Steven R. McQueen	1988	\N	Wayne
2018	House of Deadly Secrets	Philip Boyd	1975	\N	Zeke
2018	In Like Flynn	Clive Standen	1981	\N	Charlie
2018	In Like Flynn	Corey Large	1975	\N	Rex
2018	In Like Flynn	Thomas Cocquerel	\N	\N	Errol Flynn
2018	In Like Flynn	William Moseley	1987	\N	Dook Adams
2018	Incredibles 2	Craig T. Nelson	1944	\N	"Bob Parr"",""Mr. Incredible"
2018	Incredibles 2	Huck Milner	2007	\N	Dashiell Parr (Dash)
2018	Killer High	Varun Saranga	\N	\N	Ronnie
2018	LEGO DC Comics Super Heroes: Aquaman - Rage of Atlantis	Dee Bradley Baker	1962	\N	"Aquaman"",""Dex-Starr"",""Fishy"
2018	LEGO DC Comics Super Heroes: Aquaman - Rage of Atlantis	Eric Bauza	1979	\N	"Jimmy Olsen"",""Bartender"
2018	LEGO DC Comics Super Heroes: Aquaman - Rage of Atlantis	Jonathan Adams	1967	\N	Atrocitus
2018	LEGO DC Comics Super Heroes: Aquaman - Rage of Atlantis	Troy Baker	1976	\N	Batman
2018	Maya the Bee: The Honey Games	Benson Jack Anthony	\N	\N	Willi
2018	Maya the Bee: The Honey Games	Richard Roxburgh	1962	\N	Flip
2018	My Rival is Son-in-law, My Lover is Son-in-law	Simon Yam	1955	\N	Simon Leung
2018	Puffs: Filmed Live Off Broadway	A.J. Ditty	\N	\N	Narrator
2018	Puffs: Filmed Live Off Broadway	Langston Belton	\N	\N	Oliver Rivers
2018	Puffs: Filmed Live Off Broadway	Nick Carrillo	\N	\N	"J. Finch Fletchley"",""Others"
2018	Reprisal	Bruce Willis	1955	\N	James
2018	Reprisal	Frank Grillo	\N	\N	Jacob
2018	Reprisal	Johnathon Schaech	1969	\N	Gabriel
2018	Rwanda	Carlo de Benedictis	\N	\N	Petero
2018	Rwanda	Marco Cortesi	1979	\N	Marco, Augustin
2018	Rwanda	Matteo Edoardo Bellomo	\N	\N	1st Theater Technician
2018	Rwanda	Souleymane Dia	\N	\N	\N
2018	Sorry for Your Loss	Bruce Greenwood	1956	\N	Jeff Steadman
2018	Sorry for Your Loss	Justin Bartha	1978	\N	Ken Wall
2018	Space Explorers	Kj Schrock	1966	2022	\N
2018	Space Explorers	Sarah Taylor	\N	\N	\N
2018	Space Explorers	Tina Marie Shuster	\N	\N	\N
2018	Stalked by My Doctor: Patient's Revenge	Eric Roberts	1956	\N	Dr. Albert Beck
2018	State Like Sleep	Luke Evans	1979	\N	Emile
2018	State Like Sleep	Michael Shannon	1974	\N	Edward
2018	State Like Sleep	Michiel Huisman	1981	\N	Stefan
2018	The 16th Episode	Einar Kuusk	1989	\N	Einar
2018	The Independents	Brian Chartrand	\N	\N	Brian
2018	The Independents	Greg Naughton	1968	\N	Greg
2018	The Independents	Rich Price	\N	\N	Rich
2018	The Independents	Richard Kind	1956	\N	Granny
2018	The Ninth Passenger	Jesse Metcalfe	1978	\N	Brady
2018	The Ninth Passenger	Tom Maden	1989	\N	Lance
2018	The Prey	Byron Bishop	\N	\N	Mat
2018	The Prey	Nophand Boonyai	\N	\N	Ti
2018	The Prey	Penh Song Chhun	\N	\N	Technician Chu
2018	The Prey	Sahajak Boonthanakit	\N	\N	Payuk
2018	The Scythian	Aleksandr Kuznetsov	1992	\N	Kunitsa - aka Marten
2018	The Scythian	Aleksey Faddeev	1977	\N	Lyutobor
2018	The Scythian	Yuriy Tsurilo	1946	\N	Oleg Svyatoslavovich - Prince of Tmutarakan
2018	The Toybox	Brian Nagel	1983	\N	Jay
2018	The Toybox	Jeff Denton	1969	\N	Steve
2018	The Wrong Cruise	Andres Londono	\N	\N	Dante
2018	The Wrong Cruise	William McNamara	\N	\N	Pat
2018	Vultures	Gísli Örn Garðarsson	1973	\N	Erik
2018	Vultures	Ingvar Sigurdsson	1963	\N	\N
2018	What a Man Wants	Joon Go	\N	\N	Hyo-Bong
2018	What a Man Wants	Lee Sung-min	1968	\N	Seok-Geun
2018	What a Man Wants	Myung-Joon Kim	1991	\N	Billiard hall guest
2018	What a Man Wants	Shin Ha-kyun	1974	\N	\N
2019	4x4	Dady Brieva	1957	\N	Enrique
2019	4x4	Fabio Alberti	1966	\N	Policía multa
2019	4x4	Peter Lanzani	1990	\N	Ciro
2019	A Dog's Journey	Dennis Quaid	1954	\N	Ethan
2019	A Dog's Journey	Josh Gad	1981	\N	Bailey
2019	A Score to Settle	Mohamed Karim	1988	\N	Jimmy the Dragon
2019	A Score to Settle	Nicolas Cage	1964	\N	Frank Carver
2019	A Score to Settle	Noah Le Gros	1999	\N	Joey Carver
2019	Adoration	Benoît Poelvoorde	1964	\N	Hinkel
2019	Adoration	Thomas Gioria	\N	\N	Paul
2019	Bad Education	Hugh Jackman	1968	\N	Frank Tassone
2019	Bad Education	Ray Romano	1957	\N	Big Bob Spicer
2019	Cecil	Jason London	1972	\N	Tim Stevens
2019	Cecil	Sark Asadourian	\N	\N	Cecil Stevens
2019	Deerskin	Albert Delpy	1940	\N	Monsieur B.
2019	Deerskin	Jean Dujardin	1972	\N	Georges
2019	False Witness	Jamie Bacon	1997	\N	Brad
2019	False Witness	Kevin Interdonato	1979	\N	Tony
2019	False Witness	Sandy Batchelor	\N	\N	Franklin
2019	Flying Cars	Jared Kusnitz	1988	\N	Chris
2019	Flying Cars	Jeremy Schuetze	\N	\N	Drew
2019	Hatchback	Alex Hooper	1985	\N	PCP Dealer
2019	Hatchback	Ericson Just	\N	\N	Wyatt
2019	Hatchback	Myles Cranford	\N	\N	Bill
2019	Hatchback	Sri Chilukuri	\N	\N	Fareed
2019	Hatchback	Will Gumm	\N	\N	Mahoney
2019	Listen to the Universe	Oji Suzuka	2000	\N	Jin Kazama
2019	Listen to the Universe	Tôri Matsuzaka	1988	\N	Akashi Takashima
2019	Listen to the Universe	Win Morisaki	1990	\N	Masaru Carlos Levi Anatole
2019	Mermaid Down	Phillip Andre Botello	\N	\N	Dr. Miller
2019	Nerkonda Paarvai	Ajith Kumar	1971	\N	Bharath Subramaniam
2019	One Little Finger	Jonathan Stoddard	1984	\N	Max
2019	One Little Finger	Sayomdeb Mukherjee	\N	\N	\N
2019	Robocall	Evan Bittencourt	\N	\N	Census Taker
2019	Robocall	G. Larry Butler	1949	\N	Ketchum
2019	Robocall	Gary Saderup	\N	\N	Riley
2019	Robocall	Gary Sturm	\N	\N	G.T. Benz
2019	Robocall	Jerry E. Blair	\N	\N	Ginger's Husband
2019	Robocall	Kyle Butenhoff	\N	\N	Cell Phone Clerk
2019	Robocall	Myles Cranford	\N	\N	Harris
2019	Ruthless! The Musical	Jason Gardiner	1971	\N	"Sylvia St Croix"",""Ruth Del Marco"
2019	Serenity	Jason Clarke	1969	\N	Frank Zariakas
2019	Serenity	Matthew McConaughey	1969	\N	Baker Dill
2019	Stray	Miyavi	1981	\N	Jin
2019	Stray	Ross Partridge	1968	\N	Jake
2019	Stray Dolls	Robert Aramayo	1992	\N	Jimmy
2019	The Bygone	Jamie McShane	1966	\N	Hadley Summer
2019	The Bygone	Ritchie Coster	1967	\N	Beckett Summer
2019	The Bygone	Shawn Hatosy	1975	\N	Paris
2019	The Flowers of Evil	Kentarô Itô	1997	\N	Takao
2019	The Flowers of Evil	Shingo Tsurumi	1964	\N	Kasuga's father
2019	The Last Right	Michael McElhatton	1963	\N	Frank Delaney
2019	The Last Right	Michiel Huisman	1981	\N	Daniel Murphy
2019	The Last Right	Samuel Bottomley	2001	\N	Louis Murphy
2019	The Mercenary	Carmen Argenziano	1943	2019	Father Elias
2019	The Mercenary	Dominique Vandenberg	1969	\N	Maxx
2019	The Mercenary	Louis Mandylor	1966	\N	LeClerc
2019	The Mercenary	Manny Alva	\N	\N	Father Thiago
2019	The Outpost	Caleb Landry Jones	1989	\N	SPC Ty Carter
2019	The Outpost	Jack Kesy	1986	\N	SGT Josh Kirk
2019	The Outpost	Orlando Bloom	1977	\N	CPT Ben Keating
2019	The Outpost	Scott Eastwood	1986	\N	SSG Clint Romesha
2019	The Projectionist	Félix Germán	1957	\N	Eliseo Layo
2019	Tower of Silence	Brandon Gill	1987	\N	Rahim
2019	Tower of Silence	Brandon Tyler Harris	\N	\N	Denzikel
2019	Two Heads Creek	Gary Sweet	1957	\N	Hans
2019	Two Heads Creek	Stephen Hunter	\N	\N	Clive
2019	Valley of the Blind	Catalin Bocirnea	\N	\N	Soldat Frundo
2019	Valley of the Blind	Jurj Andreea	\N	\N	Ana
2019	Valley of the Blind	Oncu Valentin Alin	\N	\N	Victor Gorju
2019	Weill: Street Scene	Paulo Szot	1969	\N	Paul Maurrant
2019	Young Ahmed	Idir Ben Addi	\N	\N	Ahmed
2019	Young Ahmed	Olivier Bonnaud	\N	\N	L'éducateur de référence
2020	23 Walks	Bob Goody	1951	2023	George
2020	23 Walks	Dave Johns	\N	\N	Dave
2020	23 Walks	Graham Cole	1952	\N	Jimmy
2020	An English Haunting	Barrington De La Roche	\N	\N	Aubrey Clemonte
2020	An English Haunting	David Lenik	\N	\N	Blake Cunningham
2020	Anthony	Bobby Schofield	1993	\N	Mick Woodfield
2020	Anthony	Richard Osman	1970	\N	Richard Osman
2020	Anthony	Toheeb Jimoh	1997	\N	Anthony Walker
2020	Coven of Evil	Craig R Mellor	\N	\N	Zander
2020	Coven of Evil	John Thacker	1995	\N	Joe
2020	Days of Violence	Leomar Bondswell	\N	\N	Tyson Briggs
2020	Days of Violence	Michael Lake	\N	\N	The Spectator
2020	Days of Violence	Stephen Ridout	\N	\N	The Puppeteer
2020	Healing River	Michael Wilhelm	\N	\N	Father Peter
2020	Healing River	Rupert Spraul	\N	\N	Alec McCortland
2020	Hint of Love	Dennis Andres	1987	\N	Will
2020	Hint of Love	Edwin Perez	\N	\N	Stevie
2020	Hint of Love	Matthew James Dowden	\N	\N	Robert
2020	Okay Madam	Bae Jeong-nam	\N	\N	Hyun-Min
2020	Okay Madam	Kim Byeong-Ok	1960	\N	Congressman Jang
2020	Okay Madam	Man-sik Jeong	1974	\N	Pilot
2020	Okay Madam	Woon Jong Jeon	\N	\N	Newlywed man
2020	Original Gangster	Adam Deacon	1983	\N	Remo
2020	Original Gangster	Daniel Caltagirone	1972	\N	Campbell
2020	Original Gangster	Ian Reddington	1957	\N	Milo Novak
2020	Original Gangster	Sean Cronin	1964	\N	Tony Thomas
2020	Original Gangster	Steve Guttenberg	1958	\N	Jean-Baptiste Philippe
2020	Original Gangster	Vas Blackwood	1962	\N	Bobby Bravo
2020	Rough Cut	Korab Uka	\N	\N	Ryan
2020	Rough Cut	Paul Bock	\N	\N	John
2020	Rough Cut	Ricki Hostutler	\N	\N	Mark
2020	Shooting Heroin	Lawrence Hilton-Jacobs	1953	\N	Edward
2020	Shooting Heroin	Nicholas Turturro	1962	\N	Reverend John
2020	Sonic the Hedgehog	Ben Schwartz	1981	\N	Sonic
2020	Sonic the Hedgehog	James Marsden	1973	\N	Tom
2020	Sonic the Hedgehog	Jim Carrey	1962	\N	Dr. Robotnik
2020	Tanhaji: The Unsung Warrior	Ajay Devgn	1969	\N	Tanhaji Malusare
2020	Tanhaji: The Unsung Warrior	Saif Ali Khan	1970	\N	Udaybhan Singh Rathod
2020	Tanhaji: The Unsung Warrior	Sharad Kelkar	1976	\N	Chhatrapati Shivaji Maharaj
2020	The Charm of Love	Antoni Corone	1955	\N	Mayor
2020	The Charm of Love	Duncan Bahr	\N	\N	Randy
2020	The Charm of Love	Tilky Jones	\N	\N	Andrew Fitzpatrick
2020	The Last Bite	Carlos Carvalho	1987	\N	Carlos
2020	The Last Bite	Sumit Chakravarti	\N	\N	The Producer
2020	The Lost Husband	Josh Duhamel	1972	\N	James O'Connor
2020	The Scary House	Benno Rosskopf	2010	\N	Eddi
2020	The Scary House	León Orlandianyi	2001	\N	Hendrik
2020	The Thousand Faces of Dunjia	Eddy Ko	1937	\N	Zhou Shouyi
2020	The Thousand Faces of Dunjia	Peng He	\N	\N	Zhou Tong
2020	The Vanished	Alex Haydon	\N	\N	Justin
2020	The Vanished	Jason Patric	1966	\N	Sheriff Baker
2020	The Vanished	Thomas Jane	1969	\N	Paul
2020	When Everything's Gone	Alex Alessi	1986	\N	Rory
2020	When Everything's Gone	Alex Emanuel	\N	\N	Casper
2020	When Everything's Gone	Gabriel Rush	\N	\N	Chris
2021	Clifford the Big Red Dog	Izaac Wang	2007	\N	Owen
2021	Clifford the Big Red Dog	Jack Whitehall	1988	\N	Casey
2021	Clifford the Big Red Dog	John Cleese	1939	\N	Bridwell
2021	Evoscarion: 3.0+1.01 Thrice Upon a Time	Akira Ishida	1967	\N	Kaworu Nagisa
2021	Eye Without a Face	Dakota Shapiro	\N	\N	Henry
2021	Eye Without a Face	Luke Cook	1986	\N	Eric
2021	Homebound	Lukas Rolfe	\N	\N	Ralph
2021	Homebound	Tom Goodman-Hill	1968	\N	Richard
2021	Parallel Mothers	Israel Elejalde	1973	\N	Arturo
2021	Phobias	Leonardo Nam	1979	\N	Johnny
2021	Pinocchio: A True Story	Dmitriy Iosifov	1965	\N	Mojafocco
2021	Pinocchio: A True Story	Jon Heder	1977	\N	Tybalt
2021	Pinocchio: A True Story	Pauly Shore	1968	\N	Pinocchio
2021	Pinocchio: A True Story	Tom Kenny	1962	\N	Geppetto
2021	Rhino	Evhen Chernykov	\N	\N	Man in the Car
2021	Rhino	Serhii Filimonov	\N	\N	Rhino
2021	Rhino	Yevhen Grygoriev	\N	\N	Plus
2021	Strange Company	Andrew J Katers	\N	\N	Cole
2021	Strange Company	Bill Oberst Jr.	1965	\N	Flynn
2021	Strange Company	Charles A. Baird	\N	\N	Cole's Dad
2021	Strange Company	Charlie Smith	\N	\N	young Cole
2021	The Connection	Joel D. Wynkoop	1960	\N	Puller
2021	The Connection	Steve Heinz	\N	\N	Store Crime Scene Bystander
2021	The Connection	Zachary Vazquez	1981	\N	Mathew
2021	The Miss OTB Scandal	Greg Lutz	1964	\N	"Jackie Fontaine"",""Marie Fontaine"",""Celebrity Judges"
2021	The Miss OTB Scandal	Michael Harrelson	1948	\N	Doyle Jonson
2021	The Vault	Freddie Highmore	1992	\N	Thom
2021	The Vault	Liam Cunningham	1961	\N	Walter
2021	The Vault	Sam Riley	1980	\N	James
2021	There's Someone Inside Your House	Dale Whibley	1997	\N	Zach Sandford
2021	There's Someone Inside Your House	Théodore Pellerin	1997	\N	Ollie Larsson
2021	Women	Anthony Del Negro	\N	\N	Ej
2022	A Cut Above	Lucas 'Koka' Penteado	\N	\N	Richardsson
2022	A Cut Above	Serjão Loroza	1967	\N	Jura
2022	A Splash of Love	Benjamin Hollingsworth	\N	\N	Ben Winters
2022	A Splash of Love	Brad Abramenko	\N	\N	Adrian
2022	El Rezador	Andrés Crespo	\N	\N	\N
2022	El Rezador	Carlos Valencia	\N	\N	\N
2022	Escape Through Africa	Eric Roberts	1956	\N	Captain Lockwood
2022	Escape Through Africa	Justin Gordon	1978	\N	Alex Corringfield
2022	Escape Through Africa	Robert Okumu	\N	\N	Chaka
2022	Ip Man: The Awakening	Allen Chan	\N	\N	Ip Man
2022	Ip Man: The Awakening	Guan-Ying Chen	\N	\N	\N
2022	Ip Man: The Awakening	Hao Yan Fei	\N	\N	\N
2022	Ip Man: The Awakening	Miao Xie	1984	\N	Ip Man
2022	Ip Man: The Awakening	Zhao Yu Xuan	\N	\N	\N
2022	Ranveer vs. Wild with Bear Grylls	Bear Grylls	1974	\N	\N
2022	Ranveer vs. Wild with Bear Grylls	Karan Kapadia	1993	\N	\N
2022	Ranveer vs. Wild with Bear Grylls	Ranveer Singh	1985	\N	\N
2022	Swap Me, Baby	Charlie Thiel	\N	\N	Milo
2022	Swap Me, Baby	Falk Hentschel	1985	\N	Philippe
2022	THE PREY: Legend of Karnoctus	Adrian Paul	1959	\N	Gunnar
2022	THE PREY: Legend of Karnoctus	Danny Trejo	1944	\N	Vega
2022	THE PREY: Legend of Karnoctus	Kevin Grevioux	1962	\N	Reid
2022	THE PREY: Legend of Karnoctus	Nick Chinlund	1961	\N	Tagger
2022	Watcher	Burn Gorman	1974	\N	"Watcher"",""Weber"
2022	Watcher	Karl Glusman	1988	\N	Francis
2022	Watcher	Tudor Petrut	1963	\N	Taxi Driver
