2013	Dracula: The Dark Prince	Action,Fantasy	en	100 mins	R
2015	Teen Beach 2	Action,Drama,Family,Fantasy,Musical	en	104 mins	NULL
1955	Smoke Signal	Action,Drama,Western	en	88 mins	NULL
2019	Stray	Action,Crime,Fantasy,Thriller	en	89 mins	NULL
2013	Wer	Action,Horror,Mystery,Thriller	en	93 mins	R
2011	Foo Fighters: Back and Forth	Action,Documentary,Music	en	101 mins	NULL
1989	Farewell to the King	Action,Adventure,Drama,War	en	117 mins	NULL
2019	The Flowers of Evil	Action,Drama,Romance,Thriller	ja	127 mins	NULL
2016	Pride and Prejudice and Zombies	Action,Comedy,Fantasy,Horror,Romance	en	108 mins	PG-13
2019	The Whistleblower	Action,Drama,Mystery	zh	134 mins	NULL
2015	Creature Designers - The Frankenstein Complex	Action,Documentary	fr	107 mins	NULL
1961	Girl with a Suitcase	Drama,Romance	it	121 mins	NULL
2020	Archenemy	Action,Adventure,Crime,Fantasy,Thriller	en	90 mins	NULL
2016	Your Name.	Action,Animation,Drama,Fantasy,Romance	ja	106 mins	PG
2017	I Am Heath Ledger	Action,Biography,Documentary	en	90 mins	NULL
1975	Hot Sex in Bangkok	Comedy	de	82 mins	NULL
2019	False Witness	Action,Thriller	en	86 mins	NULL
2014	Abysses, les alliances des profondeurs	Action,Documentary	en	NULL	NULL
1966	Pharaoh	Action,Adventure,Drama,History	pl	180 mins	NULL
2021	Miracle: Letters to the President	Action,Drama	ko	117 mins	NULL
1943	The Man in Grey	Drama,History,Romance	en	90 mins	NULL
2010	Meek's Cutoff	Action,Adventure,Drama,Thriller,Western	en	104 mins	PG
2016	Daughter	Action,Drama	en	NULL	NULL
1980	Night of the Demon	Action,Horror	en	96 mins	NULL
2000	Out Live	Action,Drama,Fantasy,Romance	ko	118 mins	NULL
2015	Help, I Shrunk My Teacher	Action,Adventure,Comedy,Family,Fantasy	de	90 mins	NULL
2013	Hwayi: A Monster Boy	Action,Crime,Thriller	ko	126 mins	NULL
1965	Thunderball	Action,Adventure,Thriller	en	130 mins	NULL
2009	The Good Witch's Garden	Action,Drama,Family,Fantasy	en	86 mins	NULL
2019	The Pollinators	Action,Documentary	en	92 mins	NULL
2021	Storm Lake	Action,Documentary	en	85 mins	NULL
2011	Gloria: In Her Own Words	Action,Documentary	en	61 mins	NULL
2020	Death Drop Gorgeous	Action,Comedy,Horror	en	104 mins	NULL
2000	Tokyo Raiders	Action,Comedy,Drama,Romance	cn	118 mins	PG-13
2021	The Auschwitz Report	Action,Drama,History,War	sk	94 mins	NULL
2020	Hint of Love	Action,Comedy,Romance	en	84 mins	NULL
1971	The Corpse Grinders	Action,Comedy,Horror	en	72 mins	NULL
2019	The Projectionist	Documentary	en	81 mins	NULL
2021	Owning It	Action,Drama	fr	80 mins	NULL
2019	It Feels So Good	Action,Drama,Romance	ja	115 mins	NULL
2019	Weill: Street Scene	Action,Music	en	160 mins	NULL
2018	State Like Sleep	Action,Drama	en	104 mins	NULL
2020	ETs Among Us 5: Binary Code - Secret Messages from the Cosmos (with Linda Moulton Howe)	Action,Documentary	en	NULL	NULL
2019	The Outpost	Action,Drama,History,War	en	123 mins	R
2009	North	Action,Comedy,Drama	no	79 mins	NULL
1976	Fantasm	Action,Comedy	en	87 mins	NULL
2019	Summer Detective	Action,Drama	zh	98 mins	NULL
2010	Sin tetas no hay parau00edso	Crime,Drama,Thriller	es	108 mins	NULL
1975	A Guy and a Gal	Action,Comedy,Romance	sv	94 mins	NULL
2015	Letter Never Sent	Action,Family,Romance	en	90 mins	NULL
2014	Barbie and the Secret Door	Action,Animation,Family	en	81 mins	NULL
2016	The Marx Brothers: Hollywood's Kings of Chaos	Documentary	en	80 mins	NULL
2016	A Chinese Odyssey: Part Three	Fantasy	zh	93 mins	NULL
1998	The Idiots	Action,Comedy,Drama	da	117 mins	R
1999	Titus	Action,Drama,History,Thriller	en	162 mins	R
1979	Lupin III: The Castle of Cagliostro	Action,Adventure,Animation,Family,Fantasy	ja	100 mins	NULL
2020	Stand by Me Doraemon 2	Action,Animation,Comedy,Drama,Family,Fantasy,Sci-Fi	ja	96 mins	NULL
1991	Pure Luck	Action,Comedy,Crime,Mystery	en	96 mins	NULL
2014	Socialphobia	Action,Drama	ko	100 mins	NULL
2005	The 40-Year-Old Virgin	Action,Comedy,Romance	en	116 mins	R
2016	Porto	Action,Drama,Romance	en	76 mins	NULL
2021	The Companions	Drama	fr	110 mins	NULL
2014	Dead on Campus	Action,Thriller	en	88 mins	NULL
1960	Good-for-Nothing	Action,Crime	ja	88 mins	NULL
2021	Mariner of the Mountains	Action,Documentary,Romance	fr	95 mins	NULL
2012	Meeting Evil	Action,Crime,Drama,Mystery,Thriller	en	89 mins	R
2009	Bob the Builder: The Legend of the Golden Hammer	Action,Animation	en	60 mins	NULL
2019	When We Walk	Action,Documentary	en	78 mins	NULL
1958	The Case Against Brooklyn	Action,Crime,Drama,Film-Noir	en	82 mins	NULL
2015	Kevin Bridges: A Whole Different Story	Action,Comedy	en	85 mins	NULL
1988	Sweet Hearts Dance	Action,Comedy,Drama,Romance	en	101 mins	NULL
2015	Justice League: Throne of Atlantis	Action,Adventure,Animation,Family,Fantasy,Sci-Fi	en	72 mins	PG-13
2020	Christmas Staycation	Comedy	en	77 mins	NULL
1969	Passa Sartana... u00e8 l'ombra della tua morte	Action,Western	it	87 mins	NULL
2002	Blue Gate Crossing	Action,Drama,Romance	zh	85 mins	NULL
2021	Phobias	Action,Horror,Thriller	en	85 mins	R
2019	Cecil	Action,Comedy,Family	en	80 mins	NULL
1977	Dear Wife	Comedy	it	107 mins	NULL
2015	Love on the Sidelines	Action,Adventure,Comedy,Drama,Family,Romance	en	84 mins	NULL
2014	Lullaby	Action,Drama	en	117 mins	R
2021	Eye Without a Face	Action,Horror,Thriller	en	98 mins	NULL
1986	Gothic	Action,Drama,Fantasy,Horror,Mystery	en	87 mins	NULL
2018	A Boy Called Sailboat	Action,Comedy,Drama,Family	en	92 mins	NULL
2005	The Legend of Zorro	Action,Adventure,Romance,Thriller,Western	en	129 mins	PG
2010	The Bang Bang Club	Action,Biography,Drama,History	en	106 mins	R
2015	The Millionaires' Unit	Action,Documentary,History,War	en	120 mins	NULL
1999	King Cobra	Action,Adventure,Horror,Sci-Fi,Thriller	en	93 mins	PG-13
2021	There's Someone Inside Your House	Action,Horror,Mystery,Thriller	en	96 mins	NULL
2020	The Thousand Faces of Dunjia	Action	zh	84 mins	NULL
1989	Troop Beverly Hills	Action,Adventure,Comedy	en	105 mins	NULL
2020	Mystery 101 An Education in Murder	Action,Crime,Drama,Mystery	en	84 mins	NULL
2012	Abel's Field	Action,Drama	en	104 mins	PG
2016	The Limehouse Golem	Action,Crime,Horror,Mystery,Thriller	en	109 mins	NULL
2011	Take Shelter	Action,Drama,Horror,Sci-Fi,Thriller	en	121 mins	R
2004	Kamikaze Girls	Action,Comedy	ja	102 mins	NULL
2016	Frankenstein Created Bikers	Action,Crime,Horror,Sci-Fi,Thriller	en	125 mins	NULL
2017	Korpiklaani: Live at Masters of Rock	Music	en	140 mins	NULL
2016	My Many Sons	Action,Biography,Drama,Sport	en	97 mins	NULL
1982	Bugs Bunny's 3rd Movie: 1001 Rabbit Tales	Action,Adventure,Animation,Comedy,Family,Music	en	74 mins	NULL
2020	The Binding	Action,Drama,Horror,Thriller	it	93 mins	NULL
2019	Escaping the NXIVM Cult: A Mother's Fight to Save Her Daughter	Action,Crime,Drama	en	87 mins	NULL
2021	Covid Diaries NYC	Documentary	en	NULL	NULL
1959	Samurai Saga	Action,Drama,Romance	ja	111 mins	NULL
2018	Daphne & Velma	Action,Comedy,Crime,Family,Horror,Mystery	en	72 mins	NULL
1999	Elephant Juice	Drama,Romance	en	86 mins	NULL
2014	Unlucky Plaza	Action,Comedy,Crime,Drama	en	122 mins	NULL
1915	A Burlesque on Carmen	Action,Comedy	en	NULL	NULL
2012	Rommel	Action,Biography,Drama,History,War	de	120 mins	NULL
1990	Mermaids	Action,Comedy,Drama,Romance	en	110 mins	NULL
1952	Stars and Stripes Forever	Action,Biography,Comedy,Music	en	90 mins	NULL
2019	The Strange Story of the Eurocine Cannibal Film	Documentary	en	NULL	NULL
2013	Turtle Hill, Brooklyn	Action,Comedy,Drama	en	95 mins	NULL
1966	The Man Called Flintstone	Action,Adventure,Animation,Comedy,Crime,Family,Musical	en	89 mins	NULL
1992	Article 99	Action,Comedy,Drama	en	100 mins	R
2008	The Children of Huang Shi	Action,Drama,War	zh	125 mins	R
2018	Sorry for Your Loss	Action,Comedy	en	100 mins	NULL
2007	Bleach the Movie 2: The Diamond Dust Rebellion	Action,Animation,Thriller	ja	92 mins	NULL
2015	Go! Princess Pretty Cure the Movie Go! Go!! Gorgeous Triple Feature	Action	ja	NULL	NULL
1984	The Perils of Gwendoline in the Land of the Yik Yak	Action,Adventure,Comedy,Fantasy	en	105 mins	NULL
2015	Bourek	Action,Comedy,Drama	en	90 mins	NULL
2017	Dreams I Never Had	Action,Drama	en	81 mins	NULL
2011	Rent Boys	Action,Documentary	de	84 mins	NULL
1962	La Jetu00e9e	Action,Drama,Romance,Sci-Fi	fr	NULL	NULL
2017	One Day	Action,Drama,Fantasy	ko	118 mins	NULL
2000	Faithless	Action,Drama,Romance	sv	154 mins	R
2017	Her Side of the Bed	Action,Comedy,Drama,Romance	en	97 mins	NULL
2013	Texas Chainsaw	Action,Horror,Thriller	en	92 mins	R
1999	Cruel Intentions	Action,Drama,Romance	en	97 mins	R
1985	Out of Africa	Action,Biography,Drama,Romance	en	161 mins	NULL
1994	City Slickers II: The Legend of Curly's Gold	Action,Comedy,Western	en	116 mins	PG-13
1998	Black Dog	Action,Crime,Drama,Thriller	en	89 mins	PG-13
2011	Monsieur Papa	Comedy	fr	86 mins	NULL
2021	Parallel Mothers	Action,Drama	es	123 mins	R
2009	Hachi: A Dog's Tale	Action,Biography,Drama,Family	en	93 mins	NULL
2007	The Number 23	Action,Crime,Drama,Horror,Mystery,Thriller	en	98 mins	R
1972	Leather and Whips	Action,Mystery,Thriller	it	98 mins	NULL
1965	Blood for a Silver Dollar	Action,Romance,Western	it	98 mins	NULL
2020	The Council	Action,Crime	en	NULL	NULL
2014	When the Game Stands Tall	Action,Biography,Drama,Family,Sport	en	115 mins	PG
2018	Azali	Action,Drama	ak	92 mins	NULL
2012	Dogman	Action,Drama,Horror,Mystery,Thriller	en	91 mins	NULL
1991	Dutch	Action,Comedy,Drama	en	107 mins	NULL
2005	Brothers in Arms	Action,Western	en	85 mins	R
1939	Beach Picnic	Action,Animation,Comedy,Family	en	NULL	NULL
1999	All About My Mother	Action,Drama	es	101 mins	R
2017	Hotel Inferno 2: The Cathedral of Pain	Action,Horror	en	70 mins	NULL
2022	Escape Through Africa	Action,Adventure	en	90 mins	NULL
2014	Better Living Through Chemistry	Comedy,Drama	en	91 mins	NULL
1972	The King of Marvin Gardens	Action,Drama	en	103 mins	NULL
1997	The Long Way Home	Action,Documentary,History,War	en	120 mins	NULL
2000	Under Suspicion	Action,Crime,Drama,Thriller	en	110 mins	R
2020	Boys State	Action,Documentary	en	109 mins	PG-13
2020	Days of Violence	Action,Crime,Drama,Thriller	en	120 mins	NULL
2014	Mrs. Brown's Boys D'Movie	Action,Comedy	en	94 mins	NULL
2013	The Husband She Met Online	Action,Drama,Mystery,Thriller	en	90 mins	NULL
2020	Hamlet/Horatio	Action,Drama	en	97 mins	NULL
1924	Manhandled	Action,Comedy,Drama	en	75 mins	NULL
2014	The Good Witch's Wonder	Drama,Family,Fantasy	en	84 mins	NULL
1965	The Symbol of a Man: The Rule for a Vagabond	Action	en	88 mins	NULL
1991	Strays	Action,Horror	en	83 mins	R
2012	Bottled Life: Nestle's Business with Water	Adventure,Documentary,Drama	de	90 mins	NULL
1975	Night of the Howling Beast	Adventure,Horror	es	94 mins	NULL
2021	Strange Company	Action,Drama,Romance,Thriller	en	67 mins	NULL
1979	Elvis	Action,Biography,Drama,Music	en	150 mins	NULL
2018	The Lingering	Action,Horror	cn	86 mins	NULL
2006	Tales from Earthsea	Action,Adventure,Animation,Fantasy	ja	115 mins	PG-13
2014	Love Again	Action,Drama,Family,Romance	en	NULL	NULL
2019	Serenity	Action,Drama,Mystery,Sci-Fi,Thriller	en	106 mins	R
2007	Du00e9trompez-vous	Comedy	fr	88 mins	NULL
2020	Master Pieces	Action,Horror	en	86 mins	NULL
2017	1922	Action,Crime,Drama,Horror,Mystery,Thriller	en	102 mins	NULL
2019	A Score to Settle	Action,Crime,Drama,Thriller	en	103 mins	NULL
2016	Down Under	Action,Comedy,Crime,Drama	en	90 mins	NULL
1991	Cover-Up	Action,Thriller	en	91 mins	R
1975	Picnic at Hanging Rock	Action,Drama,Mystery,Romance	en	115 mins	NULL
2007	The Air I Breathe	Action,Crime,Drama,Thriller	en	95 mins	R
2017	The Little Vampire 3D	Action,Adventure,Animation,Comedy,Family,Fantasy,Horror	en	83 mins	NULL
1996	Ridicule	Comedy,Drama,History,Romance	fr	102 mins	R
1987	Pretty Smart	Action,Comedy,Drama,Romance	en	95 mins	NULL
2012	The Accidental Missionary	Action,Comedy,Family,Romance	en	103 mins	NULL
2015	Guardians of Oz	Action,Adventure,Animation,Fantasy	es	86 mins	PG
1948	I Wouldn't Be in Your Shoes	Crime,Drama,Film-Noir,Mystery	en	70 mins	NULL
2012	The Survival Games	Action	en	95 mins	R
2013	No Land No Food No Life	Action,Documentary	en	75 mins	NULL
1956	Rock Rock Rock!	Action,Drama,Music	en	85 mins	NULL
2021	Bunty Aur Babli 2	Comedy,Romance	hi	138 mins	NULL
1991	Not Without My Daughter	Action,Drama,Thriller	en	116 mins	NULL
2015	The Cutting Room	Horror	en	75 mins	NULL
2022	Jeff Foxworthy: The Good Old Days	Biography,Comedy,Documentary	en	60 mins	NULL
1970	The Anonymous Venetian	Action,Drama,Music,Romance	it	91 mins	NULL
2018	Incredibles 2	Action,Adventure,Animation,Comedy,Family,Sci-Fi	en	118 mins	PG
1988	Welcome to Germany	Drama	de	102 mins	NULL
2021	A Winter Getaway	Action,Comedy,Romance	en	84 mins	NULL
2017	The Volunteers	Action,Documentary,War	en	NULL	NULL
2013	Conspirators	Action,Crime,Mystery,Thriller	cn	103 mins	NULL
2012	The Lucky One	Action,Drama,Horror,Mystery,Romance,War	en	101 mins	PG-13
1999	The Woman Chaser	Comedy	en	90 mins	NULL
2020	The Warrant	Action,Western	en	84 mins	NULL
2020	Anthony	Action,Drama	en	86 mins	NULL
1985	White Slave	Adventure,Drama,Horror,Romance	it	90 mins	NULL
2018	Stalked by My Doctor: Patient's Revenge	Action,Thriller	en	88 mins	NULL
2014	An En Vogue Christmas	Action,Drama	en	86 mins	NULL
1986	Dogs in Space	Action,Drama	en	103 mins	NULL
2010	Morning Glory	Action,Comedy,Drama,Romance	en	107 mins	PG-13
2019	Nerkonda Paarvai	Action,Crime,Drama,Thriller	ta	157 mins	NULL
2014	Shirin in Love	Action,Comedy,Romance	en	104 mins	NULL
1993	The Remains of the Day	Action,Drama,Romance	en	134 mins	PG
1975	Breakout	Action,Adventure,Drama	en	96 mins	NULL
2020	When Everything's Gone	Action,Sci-Fi,Thriller	en	112 mins	NULL
2013	Dick: The Documentary	Action,Documentary	en	NULL	NULL
2020	Dude Perfect: Backstage Pass	Action,Documentary	en	84 mins	NULL
2009	The Final Destination	Action,Fantasy,Horror,Mystery,Sci-Fi,Thriller	en	82 mins	R
2017	Het Tweede Gelaat	Action,Crime,Drama,Thriller	nl	127 mins	NULL
2012	Scooby-Doo! Haunted Holidays	Action,Adventure,Animation,Comedy,Family,Mystery	en	NULL	NULL
2020	Tanhaji: The Unsung Warrior	Action,Biography,Drama,History	hi	135 mins	NULL
2012	The Samaritan	Action,Crime,Drama,Thriller	en	90 mins	R
2020	Four Games in Fall	Action,Documentary,News,Sport	en	102 mins	NULL
1971	Skin Game	Action,Comedy,Romance,Western	en	102 mins	NULL
1976	How Is It Going?	Drama	fr	78 mins	NULL
2010	Villain	Action,Crime,Drama,Romance	ja	139 mins	NULL
2022	A Cut Above	Comedy	pt	90 mins	NULL
1994	Puppet Master 5	Action,Fantasy,Horror,Sci-Fi	en	82 mins	R
2018	In Like Flynn	Action,Adventure	en	106 mins	R
2016		Action,Adventure,Comedy,Romance,Thriller	ur	101 mins	NULL
2016	The Girl with All the Gifts	Action,Adventure,Drama,Horror,Sci-Fi,Thriller	en	111 mins	R
2015	Ktown Cowboys	Action,Comedy,Drama	en	81 mins	R
2021	The Christmas Contest	Action,Drama,Romance	en	83 mins	NULL
1948	Tenth Avenue oscar	Action,Drama	en	74 mins	NULL
2016	Ceresia	Action,Drama,Thriller	en	82 mins	NULL
1968	With Six You Get Eggroll	Action,Comedy,Drama,Family,Romance	en	95 mins	NULL
1976	Scorchy	Action,Crime,Drama,Thriller	en	99 mins	NULL
2012	Winged Seduction: Birds of Paradise	Action,Documentary	en	NULL	NULL
2018	The Bill Murray Stories: Life Lessons Learned from a Mythical Man	Action,Documentary	en	70 mins	NULL
2021	Toying with the Holidays	Action,Comedy,Romance	en	86 mins	NULL
2021	Pinocchio: A True Story	Action,Animation,Family,Fantasy	ru	80 mins	PG
2019	The Knight Before Christmas	Action,Adventure,Comedy,Drama,Fantasy,Romance	en	92 mins	NULL
2022	Russian Hackers	Action,Documentary	ru	NULL	NULL
2019	Mercy Black	Action,Horror,Mystery,Thriller	en	88 mins	NULL
2016	The Mobfathers	Action,Crime,Drama	cn	94 mins	NULL
1956	I Will Buy You	Action,Drama,Sport	ja	111 mins	NULL
2013	Blue Is the Warmest Colour	Action,Drama,Romance	fr	180 mins	NC-17
2014	Could This Be Love	Romance	en	86 mins	NULL
2021	The Diary of Vaino Vahing	Documentary	et	80 mins	NULL
1962	The Spiral Road	Adventure,Drama,Romance	en	139 mins	NULL
2016	Sausage Party	Action,Adventure,Animation,Comedy,Fantasy	en	89 mins	R
1973	Terminal Island	Action,Drama,Thriller	en	88 mins	NULL
2021	Mary J Blige's My Life	Action,Documentary	en	82 mins	R
2019	Adoration	Action,Drama,Thriller	fr	98 mins	NULL
1993	Puppet Master 4	Action,Fantasy,Horror,Sci-Fi	en	79 mins	R
2017	Bluebeard	Action,Thriller	ko	117 mins	NULL
2017	Where Birds Don't Fly	Action,Crime,Drama,Thriller	en	121 mins	NULL
1998	Saint Maybe	Action,Drama,Family	en	95 mins	NULL
2005	Back to You and Me	Action,Drama,Romance	en	92 mins	NULL
1989	Far from Home	Action,Crime,Drama,Mystery,Thriller	en	86 mins	NULL
2020	This Land Is My Land	Action,Documentary	en	NULL	NULL
2004	Raise Your Voice	Action,Family,Music,Musical,Romance	en	107 mins	PG
2015	The SpongeBob Movie: Sponge Out of Water	Action,Adventure,Animation,Comedy,Family,Fantasy,Sci-Fi	en	92 mins	PG
2017	The Follower	Action,Horror,Thriller	en	79 mins	NULL
2015	The Preppie Connection	Action,Crime,Drama	en	95 mins	R
2020	Femalien: Cosmic Crush	Fantasy,Sci-Fi	en	99 mins	NULL
1992	Tokyo Decadence	Action,Drama	ja	135 mins	NC-17
2000	Hide and Seek	Action,Crime,Drama,Thriller	en	100 mins	R
2010	The Trip	Action,Comedy,Drama	en	112 mins	NULL
2011	Where Do We Go Now?	Action,Comedy,Drama	ar	110 mins	PG-13
2020	Ludo	Action,Comedy,Crime,Drama	hi	150 mins	NULL
2015	Tangerine	Action,Comedy,Crime,Drama	en	88 mins	R
2001	Spy Kids	Action,Adventure,Comedy,Family,Sci-Fi	en	88 mins	PG
2017	The Cakemaker	Drama,Romance	he	113 mins	NULL
2016	Bad People	Action,Comedy	en	80 mins	NULL
2018	Reprisal	Action,Crime,Drama,Thriller	en	89 mins	R
2017	Haunted	Action,Crime,Drama,Horror,Thriller	no	81 mins	NULL
2014	Sabotage	Action,Crime,Drama,Thriller,Western	en	109 mins	R
1999	Chris Rock: Bigger & Blacker	Action,Comedy,Documentary	en	65 mins	NULL
2009	Lightning Strikes	Action,Horror,Sci-Fi	en	90 mins	NULL
2007	The Final Season	Drama,Sport	en	119 mins	PG
2020	Baby God	Action,Crime,Documentary	en	78 mins	NULL
1983	Cujo	Action,Horror,Thriller	en	93 mins	NULL
1986	52 Pick-Up	Action,Crime,Drama,Thriller	en	110 mins	NULL
2015	Mr. Holmes	Action,Drama,Mystery	en	104 mins	PG
1955	Rififi	Action,Crime,Drama,Thriller	fr	118 mins	NULL
1938	Bluebeard's Eighth Wife	Action,Comedy,Romance	en	85 mins	NULL
1962	Keepers of Order	Drama	ja	92 mins	NULL
1957	The Invisible Man vs. The Human Fly	Action,Crime,Fantasy,Horror,Sci-Fi	ja	96 mins	NULL
2016	The Do-Over	Action,Adventure,Comedy,Mystery	en	108 mins	NULL
2020	The Sheriff	Action,Documentary	en	93 mins	NULL
2020	The Last Bite	Action,Drama,Mystery,Sci-Fi	en	70 mins	NULL
2021	In the Same Breath	Action,Documentary	en	95 mins	NULL
2018	The Independents	Action,Drama	en	97 mins	NULL
1968	The Astro-Zombies	Action,Horror,Sci-Fi	en	92 mins	NULL
2021	The Real Charlie Chaplin	Action,Documentary	en	114 mins	NULL
2012	Game Change	Action,Biography,Drama,History	en	118 mins	NULL
2011	The Future	Action,Drama,Fantasy,Romance	en	91 mins	R
2018	One Nation, One King	Action,Drama,History	fr	121 mins	NULL
2003	The Human Stain	Action,Drama,Romance,Thriller	en	106 mins	R
2008	Man on Wire	Action,Biography,Crime,Documentary,History,Sport	en	94 mins	PG-13
2016	A Quiet Passion	Action,Biography,Drama	en	125 mins	PG-13
1931	David Golder	Drama	fr	86 mins	NULL
2007	Shall We Kiss?	Comedy,Romance	fr	96 mins	NULL
2017	Royal Opera House Live Cinema Season 2016/17: The Sleeping Beauty	Action,Fantasy,Music,Romance	en	NULL	NULL
2007	A Gentle Breeze in the Village	Action,Drama	ja	121 mins	NULL
2007	Happily Ever After	Comedy,Drama,Romance	ja	115 mins	NULL
2018	Armenian Haunting	Action,Drama,Horror,Mystery	en	78 mins	NULL
2019	The Silence of the Marsh	Action,Adventure,Crime,Horror,Thriller	es	92 mins	NULL
1974	Double Agent 73	Action	en	73 mins	NULL
2008	JCVD	Action,Comedy,Crime,Drama	fr	97 mins	R
2006	The Marine	Action,Comedy,Drama,Thriller	en	92 mins	PG-13
1997	The Edge	Action,Adventure,Drama,Thriller	en	117 mins	R
1990	In the Cold of the Night	Action,Drama,Mystery,Thriller	en	112 mins	NULL
1975	The Killer Elite	Action,Crime,Thriller	en	122 mins	NULL
2017	Outrage Coda	Action,Crime,Drama	ja	104 mins	NULL
1958	Gigi	Action,Comedy,Musical,Romance	en	115 mins	NULL
1989	A British Picture	Action,Biography	en	NULL	NULL
2021	Psychedelic	Action,Drama	it	NULL	NULL
2011	Thor	Action,Adventure,Fantasy,Sci-Fi	en	115 mins	PG-13
2020	Deathwell	Action,Crime,Drama,Sci-Fi,Thriller	en	79 mins	NULL
2008	Dernier maquis	Action,Drama	fr	93 mins	NULL
1989	The Phantom of the Opera	Action,Drama,Horror,Music,Romance	en	93 mins	NULL
2019	Ghoul Catchers	Action,Comedy	en	73 mins	NULL
2018	Hide in the Light	Action,Horror,Thriller	en	78 mins	NULL
1936	Mayerling	Drama,Romance	fr	96 mins	NULL
1977	The Yellow Handkerchief	Action,Comedy,Drama	ja	108 mins	NULL
2008	Snakes and Earrings	Action,Thriller	ja	123 mins	NULL
2009	Paranormal	Action,Drama,Horror,Mystery,Thriller	en	98 mins	NULL
2018	Wasted Talent	Action,Documentary	en	66 mins	NULL
2000	Timecode	Action,Drama,Romance	en	97 mins	R
2020	Shooting Heroin	Action,Drama,Thriller	en	90 mins	R
2006	Bon Cop Bad Cop	Action,Comedy,Crime,Thriller	fr	117 mins	R
2017	Alex & The List	Comedy,Romance	en	112 mins	NULL
1998	Striking Poses	Action,Thriller	en	93 mins	R
2009	Elou00efse's Lover	Action,Drama,Romance	ca	92 mins	NULL
2021	Evoscarion: 3.0+1.01 Thrice Upon a Time	Action,Animation,Drama,Sci-Fi	ja	154 mins	NULL
2013	Anna	Action,Drama,Mystery,Sci-Fi,Thriller	en	99 mins	R
2010	Cool Dog	Action,Comedy,Family	en	88 mins	PG
1988	Braddock: Missing in Action III	Action,War	en	103 mins	NULL
2020	Albtru00e4umer	Drama	de	94 mins	NULL
1996	Young and Dangerous 3	Action,Drama	cn	98 mins	NULL
1997	Scream 2	Action,Horror,Mystery	en	120 mins	R
2009	Goodbye Gary Cooper	Action,Drama	fr	75 mins	NULL
2015	Rendez-Vous	Action,Drama,Romance	nl	100 mins	NULL
2021	Monster Family 2	Adventure,Animation,Comedy,Family,Fantasy,Horror,Sci-Fi	en	103 mins	PG
2016	A Billion Lives	Action,Documentary	en	95 mins	NULL
2015	Spare Parts	Action,Biography,Drama,History	en	114 mins	PG-13
2021	Clifford the Big Red Dog	Action,Adventure,Animation,Comedy,Drama,Family,Fantasy,Sci-Fi	en	96 mins	PG
1999	Sangharsh	Action,Crime,Drama,Horror,Thriller	hi	127 mins	NULL
1941	Puddin' Head	Action,Comedy,Musical	en	80 mins	NULL
2018	What a Man Wants	Action,Comedy,Drama	ko	100 mins	NULL
2019	Balloon	Drama	bo	102 mins	NULL
2011	I Love Wing Chun	Action,Comedy	cn	101 mins	NULL
2019	Valley of the Blind	Action,Drama	en	94 mins	NULL
2021	Wanton Want	Action,Drama,Fantasy,Romance,Thriller	en	92 mins	NULL
1965	War and Peace	Action,Drama,History,Romance,War	ru	401 mins	NULL
2017	Samuel Barber: Absolute Beauty	Action,Biography,Documentary,History,Music	en	130 mins	NULL
2005	The Man	Action,Comedy,Crime	en	83 mins	PG-13
2019	4x4	Action,Crime,Sci-Fi,Thriller	es	90 mins	NULL
2010	An Elf's Story: The Elf on the Shelf	Action,Animation,Family,Fantasy	en	NULL	NULL
2017	Mad Genius	Action,Sci-Fi	en	90 mins	NULL
2019	Flying Cars	Action,Adventure,Drama	en	88 mins	NULL
1990	The Rain Killer	Action,Crime,Horror,Mystery,Thriller	en	94 mins	NULL
2012	Venus and Serena	Action,Documentary,Sport	en	99 mins	PG-13
2010	The Company We Keep	Action,Comedy,Romance	en	90 mins	NULL
2004	Be with You	Action,Drama,Fantasy,Romance	ja	119 mins	NULL
1962	u00dche ku00fcla mehed	Action,Drama	et	88 mins	NULL
2017	Detective Conan: Crimson Love Letter	Action,Adventure,Animation,Crime,Family,Mystery,Thriller	ja	112 mins	NULL
2011	Sanctum	Action,Adventure,Drama,Thriller	en	108 mins	R
1984	Little House: Bless All the Dear Children	Action,Drama,Family	en	90 mins	NULL
1940	Mr. Mouse Takes a Trip	Action,Adventure,Animation,Comedy,Family	en	NULL	NULL
2015	Thani Oruvan	Action,Crime,Thriller	ta	160 mins	NULL
1985	The Falcon and the Snowman	Action,Biography,Crime,Drama,Thriller	en	131 mins	NULL
2018	The Ninth Passenger	Action,Comedy,Horror,Mystery,Sci-Fi,Thriller	en	76 mins	R
1946	Three Wise Fools	Action,Comedy,Drama,Fantasy	en	90 mins	NULL
2017	Singularity	Action,Adventure,Drama,Sci-Fi	en	92 mins	PG-13
2014	Let Us Prey	Action,Horror,Thriller	en	92 mins	NULL
2015	Jeff Dunham: Unhinged in Hollywood	Action,Comedy	en	71 mins	NULL
1925	Lights of Old Broadway	Action,Drama,Romance	en	70 mins	NULL
2007	Turn the River	Action,Drama	en	92 mins	R
2018	Revenger	Action,Crime,Thriller	ko	101 mins	NULL
1958	The Defiant Ones	Action,Crime,Drama	en	96 mins	NULL
1992	It's Christmastime Again, Charlie Brown	Action,Animation,Comedy,Family	en	NULL	NULL
2003	National Security	Action,Comedy,Crime,Thriller	en	88 mins	PG-13
2011	Jesse Stone: Innocents Lost	Action,Crime,Drama	en	91 mins	NULL
2013	Case of Kyoko, Case of Shuichi	Action,Drama	ja	134 mins	NULL
2011	Sacrifice	Action,Crime,Thriller	en	100 mins	R
1994	River of Grass	Action,Drama	en	76 mins	NULL
2017	The Man from Earth: Holocene	Action,Drama,Fantasy,Sci-Fi	en	98 mins	NULL
1993	Abraham	Action,Adventure,Biography,Drama,History	en	175 mins	NULL
1972	The Italian Connection	Action,Crime,Thriller	it	95 mins	NULL
1970	The Private Life of Sherlock Holmes	Action,Adventure,Comedy,Crime,Mystery,Romance,Thriller	en	125 mins	NULL
2016	Gantz: O	Action,Animation,Drama,Fantasy,Horror,Sci-Fi,Thriller	ja	95 mins	NULL
2018	Reshenie o likvidatsii	Action	ru	96 mins	NULL
2020	After We Collided	Action,Drama,Romance	en	105 mins	R
2013	Way Back Home	Action,Drama	ko	131 mins	NULL
2018	King Lear	Action,Drama,History	en	115 mins	NULL
2017	The Gaelic King	Action,Adventure,Fantasy,History	en	87 mins	NULL
1980	Dressed to Kill	Action,Crime,Drama,Mystery,Romance,Thriller	en	104 mins	NULL
2022	Silverton Siege	Action,Crime,Drama,Thriller	en	100 mins	NULL
1977	Shaolin Plot	Action,Drama	zh	110 mins	NULL
2011	Catch .44	Action,Crime,Drama,Thriller	en	94 mins	R
1975	The UFO Incident	Biography,Drama,History,Romance,Sci-Fi	en	97 mins	NULL
2013	Hotel De Sade	Action,Drama,Horror,Thriller	zh	100 mins	NULL
1966	Here Is Your Life	Drama	sv	169 mins	NULL
2014	Mardaani	Action,Crime,Drama,Thriller	hi	113 mins	NULL
1976	Satan's Slave	Action,Horror	en	86 mins	NULL
1978	Empire of Passion	Action,Drama,Horror,Romance	ja	105 mins	NULL
2018	Josu00e9	Action,Drama	es	NULL	NULL
2019	My Comic Shop Country	Action,Documentary	en	85 mins	NULL
2009	Grotesque	Action,Horror,Thriller	ja	73 mins	NULL
2016	Bowie: The Man Who Changed the World	Action,Biography,Documentary,Music	en	99 mins	NULL
1980	Hangar 18	Action,Biography,Sci-Fi,Thriller	en	97 mins	NULL
1985	Defense of the Realm	Action,Thriller	en	96 mins	NULL
1975	The Devil's Rain	Action,Horror	en	86 mins	NULL
1974	The Bod Squad	Action,Comedy	zh	91 mins	NULL
2015	3801 Lancaster: American Tragedy	Action,Crime,Documentary,Drama,News	en	NULL	NULL
2020	America's Forgotten	Action,Documentary	en	85 mins	NULL
1951	Santa Fe	Western	en	87 mins	NULL
2019	South Mountain	Action,Drama	en	82 mins	NULL
1934	Woman in the Dark	Action,Crime,Drama	en	68 mins	NULL
2020	Arthur & Merlin: Knights of Camelot	Action,Adventure,History	en	90 mins	NULL
1988	In the Line of Duty III	Action	cn	90 mins	NULL
2010	Wall Street: Money Never Sleeps	Action,Drama	en	133 mins	PG-13
2019	The Final Level: Escaping Rancala	Action,Adventure,Fantasy,Sci-Fi,Thriller	en	87 mins	NULL
1925	The Phantom of the Opera	Action,Horror	en	93 mins	NULL
2016	The Bandit	Action,Documentary	en	84 mins	NULL
2019	Bluebird	Action,Documentary	en	83 mins	NULL
2014	The Big Fat Stone	Drama	en	111 mins	NULL
2021	Everybody Loves Chris Rock	Action,Biography,Documentary	en	60 mins	NULL
1992	The Muppet Christmas Carol	Action,Comedy,Drama,Family,Fantasy,Musical	en	85 mins	NULL
2015	Book Club	Action,Documentary	en	72 mins	NULL
1995	Hart to Hart: Secrets of the Hart	Action,Adventure,Crime,Mystery	en	86 mins	NULL
2016	Apartment 407	Action,Crime,Drama,Thriller	en	101 mins	NULL
1979	Winter Kills	Action,Comedy,Drama,Mystery,Thriller	en	97 mins	NULL
2017	Megan Leavey	Action,Biography,Drama,War	en	NULL	NULL
2020	The Charm of Love	Action,Romance	en	88 mins	NULL
2020	An English Haunting	Action,Horror	en	89 mins	NULL
2022	As They Made Us	Action,Drama	en	100 mins	R
2000	Drowning Mona	Action,Comedy,Crime,Mystery	en	96 mins	PG-13
1954	Dial M for Murder	Action,Crime,Film-Noir,Romance,Thriller	en	105 mins	NULL
1989	V su00edti casu	Action	cs	NULL	NULL
1986	Caravaggio	Action,Biography,Drama,History,Romance	en	93 mins	NULL
2010	A Trace of Danger	Action,Thriller	en	90 mins	NULL
2001	A Knight's Tale	Action,Adventure,History,Romance	en	132 mins	PG-13
2014	Believe Me	Action,Comedy,Drama	en	93 mins	PG-13
1972	Love Hunter	Action,Drama	ja	72 mins	NULL
2019	The Mercenary	Action	en	91 mins	NULL
2007	Watching the Detectives	Action,Comedy,Romance	en	94 mins	NULL
2014	Deli Man	Action,Documentary,History	en	92 mins	PG-13
2019	Go Fish	Action,Adventure,Animation	en	75 mins	PG
2020	Ghost Stories	Action,Horror,Thriller	hi	144 mins	NULL
2011	The Lost Valentine	Action,Drama,Romance	en	87 mins	NULL
1980	Fists of the White Lotus	Action,Drama	zh	95 mins	NULL
2022	9 Bullets	Action,Thriller	en	97 mins	NULL
2016	Plan B	Action	de	103 mins	NULL
2013	Dracula: The Impaler	Action,Horror,Thriller	en	86 mins	NULL
2019	Robocall	Action,Drama	en	127 mins	NULL
2017	The Curse of Buckout Road	Action,Horror,Thriller	en	97 mins	NULL
1994	Speed	Action,Adventure,Crime,Thriller	en	116 mins	NULL
2021	Mr. Saturday Night	Action,Documentary	en	83 mins	NULL
1954	Twist of Fate	Action,Crime,Drama,Mystery	en	89 mins	NULL
2019	The Three Exclamation Marks	Action,Adventure,Family	de	99 mins	NULL
1951	Only the Valiant	Action,Adventure,Western	en	105 mins	NULL
2014	Everlasting Love	Action,Drama,Mystery,Romance	es	69 mins	NULL
2005	The Marksman	Action,Adventure,Thriller	en	95 mins	R
2008	Tokyo Sonata	Action,Drama	ja	120 mins	PG-13
1994	Fist of Legend	Action,Drama,Thriller	zh	103 mins	R
1998	Shadrach	Action,Drama	en	88 mins	PG-13
2021	Tig Notaro: Drawn	Animation,Comedy	en	NULL	NULL
2020	Sonic the Hedgehog	Action,Adventure,Animation,Comedy,Family,Fantasy,Sci-Fi	en	99 mins	PG
1997	An Alan Smithee Film: Burn Hollywood Burn	Action,Comedy	en	86 mins	R
2021	The Day Sports Stood Still	Action,Documentary,Sport	en	84 mins	NULL
1974	In Danger and Dire Distress the Middle of the Road Leads to Death	Comedy,Drama	de	90 mins	NULL
2016	The Curse of Sleeping Beauty	Action,Fantasy,Horror,Mystery,Thriller	en	89 mins	NULL
2016	oscars in Stardust	Comedy,Drama	en	101 mins	PG-13
2019	The Blackwell Ghost 3	Horror	en	75 mins	NULL
1977	Satan's Cheerleaders	Action,Comedy,Crime,Horror	en	92 mins	NULL
1949	Little Women	Action,Drama,Family,Romance	en	122 mins	NULL
1992	Boomerang	Action,Comedy,Drama,Romance	en	117 mins	R
1984	The Ewok Adventure	Action,Adventure,Family,Fantasy,Sci-Fi	en	96 mins	NULL
2000	Hamlet	Action,Drama,Romance,Thriller	en	112 mins	R
2021	The Pilot. A Battle for Survival	Action,Biography,Drama,History,War	ru	105 mins	NULL
2016	Murder, She Baked Murder, She Baked: A Peach Cobbler Mystery	Action,Crime,Mystery	en	84 mins	NULL
2021	Homebound	Action,Drama,Horror,Mystery	en	71 mins	NULL
1984	Starman	Action,Romance,Sci-Fi	en	NULL	NULL
2005	Houdini: Unlocking the Mystery	Documentary	en	120 mins	NULL
1951	Strangers on a Train	Action,Crime,Drama,Film-Noir,Romance,Thriller	en	101 mins	PG
2020	SparkShorts Burrow	Action,Animation,Comedy,Drama,Family,Fantasy,Sci-Fi	en	NULL	NULL
2015	High-Rise	Action,Drama,Horror,Sci-Fi	en	119 mins	R
1991	Eyes of an oscar	Action,Drama	en	95 mins	PG-13
2021	The Miss OTB Scandal	Action,Comedy	en	NULL	NULL
2014	To Kill a Man	Action,Crime,Drama,Thriller	es	82 mins	NULL
1999	Esther	Action,Biography,Drama,History,Romance	en	90 mins	NULL
2009	Life During Wartime	Action,Comedy,Drama	en	98 mins	R
2018	Fahrenheit 451	Action,Drama,Sci-Fi,Thriller	en	100 mins	NULL
1961	Jungle Fighters	Drama,War	en	110 mins	NULL
2021	Another Us	Action,Sci-Fi	en	77 mins	NULL
2019	One Little Finger	Action,Drama	en	105 mins	NULL
2019	Raising Buchanan	Action,Comedy	en	96 mins	NULL
1920	Outside the Law	Crime,Romance,Thriller	en	75 mins	NULL
2007	4 Months, 3 Weeks and 2 Days	Action,Drama	ro	113 mins	NULL
2013	Backyard Ashes	Action,Comedy,Sport	en	90 mins	NULL
1959	Flame Over India	Action,Adventure,Drama	en	129 mins	NULL
1954	Drums Across the River	Action,Western	en	78 mins	NULL
2016	Home Invasion	Action,Thriller	en	85 mins	PG-13
1993	Daybreak	Action,Drama,Romance,Sci-Fi	en	91 mins	NULL
2020	23 Walks	Action,Comedy,Drama,Romance	en	102 mins	NULL
2020	Okay Madam	Action,Comedy	ko	100 mins	NULL
2005	Jarhead	Action,Adventure,Biography,Drama,History,War,Western	en	125 mins	R
2017	JoJo's Bizarre Adventure: Diamond Is Unbreakable - Chapter 1	Action,Adventure,Fantasy	ja	119 mins	NULL
2019	Stray Dolls	Action,Crime,Thriller	en	97 mins	NULL
2016	One More Time with Feeling	Action,Documentary,Music	en	113 mins	NULL
2020	Diva	Drama,Mystery,Thriller	ko	84 mins	NULL
1962	The Grim Reaper	Action,Crime,Drama,Mystery	it	88 mins	NULL
2010	Elite Squad 2: The Enemy Within	Action,Crime,Drama,Thriller	pt	115 mins	NULL
1979	Assassination on the Tiber	Comedy,Crime,Drama	it	96 mins	NULL
1991	Hidden Desire	Drama	cn	88 mins	NULL
1971	Diamonds Are Forever	Action,Adventure,Thriller	en	120 mins	NULL
1998	Waking Ned Devine	Action,Comedy	en	91 mins	PG
2011	J. Edgar	Action,Biography,Crime,Drama,History,Romance	en	137 mins	R
2018	The Toybox	Action,Horror,Thriller	en	95 mins	NULL
2015	The C Word	Drama	en	90 mins	NULL
2014	The Blackout	Action,Drama,Thriller	en	88 mins	R
2018	The Wrong Cruise	Action,Thriller	en	89 mins	NULL
1969	Ur ku00e4rlekens spru00e5k	Documentary,Drama	en	102 mins	NULL
1967	Hells oscars on Wheels	Action,Crime,Drama,Thriller	en	95 mins	NULL
2000	Another Heaven	Action,Crime,Horror,Sci-Fi	ja	132 mins	NULL
2010	Beneath Hill 60	Action,Drama,History,War	en	122 mins	R
2020	Original Gangster	Action,Crime	en	110 mins	NULL
2021	Naktine zvejyba	Action,Comedy,Drama	lt	73 mins	NULL
1983	Born in Flames	Action,Comedy,Drama,Sci-Fi	en	79 mins	NULL
2013	Tales from the Organ Trade	Crime,Documentary	en	82 mins	NULL
1997	Swept from the Sea	Action,Drama,Mystery,Romance	en	115 mins	PG-13
1976	From Spikes to Spindles	Action,Documentary	en	NULL	NULL
2017	Basmati Blues	Comedy,Musical,Romance	en	106 mins	NULL
2020	Triggered	Action,Comedy,Horror,Thriller	en	94 mins	NULL
2022	Ip Man: The Awakening	Action	zh	80 mins	NULL
2021	We Broke Up	Action,Comedy,Drama	en	80 mins	NULL
1991	All I Want for Christmas	Comedy,Family,Romance	en	92 mins	NULL
2001	Serendipity	Action,Comedy,Romance	en	90 mins	PG-13
2021	Something in the Shadows	Action,Horror,Thriller	en	NULL	NULL
2018	LEGO DC Comics Super Heroes: Aquaman - Rage of Atlantis	Action,Adventure,Animation,Comedy,Family,Fantasy,Sci-Fi	en	77 mins	NULL
2020	Bigfoot: Path of the Beast	Action,Horror	en	93 mins	NULL
1994	Death Machine	Action,Horror,Sci-Fi,Thriller	en	99 mins	R
1996	Tokyo Skin	Drama	ja	92 mins	NULL
2019	For We Are Many	Action,Horror	en	80 mins	NULL
2018	The Scythian	Action,Drama,Fantasy	ru	105 mins	NULL
1971	Bedknobs and Broomsticks	Action,Adventure,Animation,Comedy,Family,Fantasy,Musical	en	117 mins	NULL
1955	Cult of the Cobra	Action,Fantasy,Horror	en	82 mins	NULL
2015	We don't like Captain Sausage!	Documentary,Family,History	es	64 mins	NULL
1993	Son of the Pink Panther	Action,Comedy,Crime	en	93 mins	PG
2012	Winter Nomads	Documentary,History	fr	90 mins	NULL
2017	Shubh Mangal Savdhan	Action,Comedy,Romance	hi	119 mins	NULL
1975	Eyeball	Action,Crime,Horror,Mystery,Thriller	it	90 mins	NULL
1956	Friendly Persuasion	Action,Drama,Family,Romance,War,Western	en	137 mins	NULL
2004	13 Going on 30	Action,Comedy,Fantasy,Romance	en	98 mins	PG-13
2006	Longford	Biography,Crime,Drama,Romance	en	93 mins	NULL
2022	Scream	Horror,Mystery,Thriller	en	114 mins	R
1999	Inspector Gadget	Action,Adventure,Comedy,Crime,Family,Sci-Fi	en	78 mins	PG
2020	Rough Cut	Action,Drama,Horror	en	79 mins	NULL
2016	Under the Shadow	Action,Drama,Fantasy,Horror,Thriller,War	fa	84 mins	PG-13
2013	Mindless Behavior: All Around the World	Action,Documentary	en	86 mins	NULL
1992	CIA Code Name: Alexa	Action,Adventure,Thriller	en	93 mins	NULL
2006	Herbie Hancock: Possibilities	Documentary,Music	en	90 mins	NULL
1999	Star Wars: Episode I - The Phantom Menace	Action,Adventure,Fantasy,Sci-Fi	en	136 mins	PG
2007	What We Do Is Secret	Biography,Drama,Music	en	92 mins	R
2015	Mangiacake	Action,Comedy	en	79 mins	NULL
1998	The Odd Couple II	Action,Adventure,Comedy	en	97 mins	PG-13
2012	Welcome to the North	Action,Comedy	it	110 mins	NULL
1939	Made for Each Other	Action,Comedy,Drama,Romance	en	92 mins	NULL
2018	Maya the Bee: The Honey Games	Action,Adventure,Animation,Comedy,Family	en	85 mins	NULL
2012	Good Vibrations	Action,Biography,Drama,Music	en	103 mins	NULL
2017	Mothers	Action,Drama	ko	119 mins	NULL
2020	The Vanished	Action,Crime,Horror,Mystery,Thriller	en	115 mins	R
2011	Contagion	Action,Drama,Sci-Fi,Thriller	en	106 mins	PG-13
1966	The Brides of Fu Manchu	Action,Adventure,Crime	en	94 mins	NULL
2010	Marmaduke	Action,Animation,Comedy,Family	en	99 mins	PG
2020	Us Kids	Action,Documentary	en	98 mins	NULL
2019	Violeta no coge el ascensor	Comedy,Romance	es	87 mins	NULL
2016	The Boss	Action,Comedy	en	99 mins	R
2019	Ruthless! The Musical	Action,Comedy,Musical	en	108 mins	NULL
1960	When a Woman Ascends the Stairs	Action,Drama	ja	111 mins	NULL
2015	True Story	Action,Biography,Crime,Drama,History,Mystery,Thriller	en	99 mins	R
1975	The Man from Hong Kong	Action,Adventure,Drama	en	106 mins	NULL
1978	Coma	Action,Drama,Horror,Mystery,Thriller	en	113 mins	NULL
2022	Heart of the Matter	Action,Drama,Romance	en	85 mins	NULL
1982	Kill Squad	Action,Drama	en	85 mins	NULL
2012	Side by Side	Action,Documentary	en	99 mins	NULL
1987	Double Target	Action,Adventure,War	it	102 mins	NULL
2018	Sarah Millican: Control Enthusiast Live	Action,Comedy	en	82 mins	NULL
2021	HellKat	Action,Horror	en	78 mins	NULL
2020	King Tut in Color	Documentary	en	NULL	NULL
2017	Wonderstruck	Action,Adventure,Drama,Family,Mystery	en	116 mins	PG
1972	The Effect of Gamma Rays on Man-in-the-Moon Marigolds	Action,Drama	en	100 mins	NULL
1972	The Discreet Charm of the Bourgeoisie	Action,Comedy	fr	102 mins	NULL
2012	Lola Versus	Action,Comedy	en	87 mins	R
2021	Summer Ghost	Action,Animation,Drama,Fantasy	ja	NULL	NULL
1967	Hot Thrills and Warm Chills	Drama	en	80 mins	NULL
1991	McBain	Action,Crime,Drama,War	en	103 mins	R
1994	Thumbelina	Action,Adventure,Animation,Family,Fantasy,Musical,Romance	en	86 mins	NULL
1998	Stepmom	Action,Comedy,Drama	en	125 mins	PG-13
1972	The Sicilian Connection	Action,Crime,Drama,Thriller	it	100 mins	NULL
2021	Playground	Action,Drama	fr	72 mins	NULL
2022	Father Stu	Action,Biography,Drama	en	124 mins	R
2019	The Match	Action,Drama	it	94 mins	NULL
2020	The Scary House	Action,Drama,Family,Fantasy,Horror,Mystery,Thriller	de	100 mins	NULL
2018	Hurt	Drama,Horror,Mystery,Thriller	en	93 mins	NULL
1948	Mickey Down Under	Action,Animation,Comedy,Family	en	NULL	NULL
2020	Coven of Evil	Action,Drama,Horror,Romance	en	100 mins	NULL
2018	House of Deadly Secrets	Action,Drama,Horror,Mystery,Thriller	en	86 mins	NULL
2010	Farewell Mr. Kringle	Comedy,Romance	en	83 mins	NULL
2015	Kakekomi	Action,Comedy,Drama	ja	143 mins	NULL
2015	Day Out of Days	Action,Drama,Mystery,Thriller	en	80 mins	NULL
1990	All for the Winner	Action,Comedy,Crime	zh	101 mins	NULL
1991	Star Trek VI: The Undiscovered Country	Action,Adventure,Sci-Fi,Thriller	en	110 mins	NULL
2018	El oscar	Action,Biography,Crime,Drama	es	118 mins	NULL
1980	Toxic Zombies	Action,Horror,Sci-Fi	en	89 mins	NULL
2021	Danger! Danger!	Action,Adventure,Sci-Fi	en	76 mins	NULL
2017	Accident	Action,Thriller	en	95 mins	NULL
2013	The Sweeter Side of Life	Action,Comedy,Romance	en	81 mins	NULL
2017	Housewife	Action,Horror,Thriller	en	82 mins	NULL
2013	Breakin L.A.	Action,Documentary,Sport	en	86 mins	NULL
1996	Larger Than Life	Action,Comedy,Family	en	93 mins	PG
2017	The Forgiven	Action,Thriller	en	115 mins	R
1971	The Moon and the Sledgehammer	Action,Documentary	en	65 mins	NULL
2020	Primal	Action,Drama	en	85 mins	NULL
1989	Helmut Newton: Frames from the Edge	Action,Biography,Documentary	en	99 mins	NULL
1962	A Kind of Loving	Action,Drama,Romance	en	113 mins	NULL
2010	The Four-Faced Liar	Action,Comedy,Drama,Romance	en	87 mins	NULL
2021	Lock Down Love	Action,Drama	en	69 mins	NULL
1962	The Stress of Youth	Action,Drama,Romance	cs	90 mins	NULL
2019	Always Miss You	Action,Romance	zh	98 mins	NULL
1961	Mothra	Action,Adventure,Comedy,Fantasy,Sci-Fi,Thriller	ja	101 mins	NULL
1954	Carnival Story	Action,Drama	en	95 mins	NULL
2021	Blood Born	Action,Horror	en	92 mins	NULL
1987	The Killing Time	Action,Crime,Drama,Romance,Thriller	en	94 mins	NULL
2016	Wake Up Singh	Action,Drama,Family	pa	108 mins	NULL
2019	Deerskin	Action,Comedy,Horror	fr	77 mins	NULL
2022	Step Into... The Movies	Action,Music	en	60 mins	NULL
2016	Brotherhood	Action,Crime,Drama,Thriller	en	104 mins	NULL
2019	Hatchback	Action,Comedy	en	86 mins	NULL
2013	Herbert Nitsch: Back from the Abyss	Action,Documentary	de	NULL	NULL
1982	Victor/Victoria	Action,Comedy,Music,Musical,Romance	en	134 mins	NULL
2020	The Lost Husband	Action,Drama,Romance	en	109 mins	PG-13
2020	Hiroshima and Nagasaki: 75 Years Later	Action,Documentary,History	en	79 mins	NULL
2018	All About Nina	Action,Comedy,Drama,Romance	en	97 mins	R
1982	The Living Dead Girl	Horror	fr	86 mins	NULL
1952	Plymouth Adventure	Action,Adventure,Drama,History,Romance	en	105 mins	NULL
2017	Break Night	Action,Crime,Drama,Mystery	en	98 mins	NULL
2005	The Nativity Story	Action,Adventure,Drama,Family,Fantasy,History,Romance	en	101 mins	PG
2020	Here After	Action,Comedy,Fantasy,Romance	en	121 mins	NULL
1990	Pale Blood	Action,Horror	en	93 mins	NULL
1962	Amphibian Man	Action,Adventure,Drama,Romance,Sci-Fi	ru	96 mins	NULL
2020	The Netflix Afterparty The Best Shows of the Worst Year	Action,Talk-Show	en	NULL	NULL
1957	The Brain from Planet Arous	Action,Adventure,Horror,Sci-Fi,Thriller	en	71 mins	NULL
2004	Madhouse	Action,Horror,Thriller	en	91 mins	R
2018	Home by Spring	Action,Drama	en	87 mins	NULL
2014	The 7.39	Action,Drama,Romance	en	NULL	NULL
2020	ETs Among Us 4: The Reality of ET/Human Hybrids	Action,Documentary	en	NULL	NULL
2015	A Month of Sundays	Comedy,Drama	en	109 mins	PG-13
2010	The John Cena Experience	Action,Documentary,Sport	en	117 mins	NULL
2016	Wolves at the Door	Action,Adventure,Biography,Crime,Horror,Mystery,Thriller	en	73 mins	R
2008	The 27 Club	Drama,Music	en	94 mins	NULL
2021	Rhino	Action,Crime,Drama	uk	101 mins	NULL
2016	In-Lawfully Yours	Action,Comedy,Romance	en	85 mins	NULL
2018	The Prey	Action,Adventure	en	90 mins	NULL
1973	Redneck	Action,Crime,Drama	it	89 mins	NULL
1948	The Three Musketeers	Action,Adventure,Drama,Romance	en	125 mins	NULL
1970	Hercules in New York	Action,Adventure,Comedy,Family,Fantasy	en	92 mins	NULL
1998	Lock, Stock and Two Smoking Barrels	Action,Comedy,Crime	en	107 mins	R
2012	21 Jump Street	Action,Comedy,Crime	en	109 mins	R
2017	The Forest of the Lost Souls	Action,Drama,Horror,Mystery,Thriller	pt	NULL	NULL
2019	Own the Sky	Action,Documentary	en	90 mins	NULL
2020	Schwarz Weiss Bunt	Action,Drama	de	85 mins	NULL
2009	That Evening Sun	Action,Drama	en	109 mins	PG-13
2010	Leap Year	Action,Comedy,Romance	en	100 mins	PG
2008	The Cottage	Action,Comedy,Crime,Horror,Thriller	en	92 mins	NULL
2015	Truth	Action,Biography,Drama,History,Thriller	en	125 mins	R
2016	La permanence	Action,Documentary	fr	96 mins	NULL
2010	Fortress of War	Action,Drama,History,War	ru	138 mins	NULL
2021	Below the Fold	Action,Drama,Mystery,Thriller	en	92 mins	NULL
2022	The Devil You Know	Action,Thriller	en	116 mins	R
2017	Gogol. Nachalo	Action,Crime,Horror,Mystery,Thriller	ru	107 mins	NULL
2007	Say Hello for Me	Drama,Romance	ja	114 mins	NULL
2021	New Year Blues	Comedy,Romance	ko	115 mins	NULL
1956	Crazed Fruit	Action,Drama,Romance	ja	86 mins	NULL
2021	American Experience Billy Graham	Action,Biography,Documentary,History	en	NULL	NULL
2022	A Splash of Love	Comedy,Romance	en	84 mins	NULL
2021	Christmas in the Wilds	Romance	en	86 mins	NULL
2015	Woman in Gold	Action,Biography,Drama,History	en	109 mins	PG-13
2018	Perception	Action,Thriller	en	102 mins	NULL
2011	Born to Be Wild	Action,Adventure,Documentary	en	NULL	NULL
1955	The Beast with a Million Eyes	Action,Horror,Sci-Fi	en	75 mins	NULL
2021	The Connection	Action,Sci-Fi	en	86 mins	NULL
2021	Ripper Untold	Action,Horror	en	85 mins	NULL
1977	Doberman Cop	Action,Crime	ja	90 mins	NULL
2019	Ready to Mingle	Action,Comedy	es	95 mins	NULL
2012	Men in Black 3	Action,Adventure,Comedy,Family,Fantasy,Mystery,Sci-Fi	en	106 mins	PG-13
2019	Recovery	Action,Horror,Thriller	en	82 mins	NULL
2012	Great Expectations	Action,Drama,Romance	en	128 mins	PG-13
2015	Chicken	Action,Drama	en	86 mins	NULL
1984	The Hotel New Hampshire	Action,Comedy,Drama	en	109 mins	NULL
2008	Tokyo Gore Police	Action,Comedy,Horror,Sci-Fi	ja	110 mins	NULL
1951	A Christmas Carol	Action,Drama,Family,Fantasy	en	86 mins	NULL
2010	The Seminarian	Action,Drama,Romance	en	101 mins	NULL
2019	Dogs Don't Wear Pants	Action,Drama,Romance	fi	105 mins	NULL
2015	Guns for Hire	Action,Comedy,Drama,Thriller	en	83 mins	R
2007	Coming Down the Mountain	Action,Drama	en	80 mins	NULL
1970	Crimson Bat - Oichi: Wanted, Dead or Alive	Action,Adventure,Drama,Romance	ja	86 mins	NULL
2016	The Man from Mo'Wax	Action,Documentary,Music	en	116 mins	NULL
1995	The Baby-Sitters Club	Action,Comedy,Drama,Family	en	94 mins	PG
2021	Los oscares	Action,Drama	en	82 mins	NULL
1994	Street Fighter	Action,Adventure,Comedy,Thriller	en	102 mins	PG-13
1972	The Cannibal Man	Crime,Drama,Thriller	es	98 mins	NULL
2021	The Box	Action,Drama	en	80 mins	NULL
2016	Soulmate	Action,Drama,Romance	zh	110 mins	NULL
2020	ETs Among Us 6: My Cosmic Journey - Revelations of a Psychic CEO	Action,Documentary	en	NULL	NULL
2007	Kingdom of War: Part 1	Action,Drama,History,War	th	163 mins	NULL
2020	Cicliste per Caso - Grizzly Tour	Action,Adventure,Documentary	it	67 mins	NULL
2013	12 Rounds 2: Reloaded	Action,Adventure,Thriller	en	95 mins	R
2021	Keep Sweet	Action,Documentary	en	103 mins	NULL
1966	The Glass Bottom Boat	Action,Comedy,Romance	en	110 mins	NULL
2021	The Super Bob Einstein Movie	Biography,Comedy,Documentary	en	75 mins	NULL
1985	The Second Is a Christian	Action,Comedy,Crime,Drama,Romance	ja	101 mins	NULL
2021	Lioness: The Nicola Adams Story	Action,Biography,Documentary	en	95 mins	NULL
2018	The 16th Episode	Action,Horror	en	84 mins	NULL
1923	Malar Pirates	Action,Comedy	sv	107 mins	NULL
2013	The Face of Love	Action,Drama,Mystery,Romance	en	92 mins	PG-13
2018	Our Body	Action,Drama	ko	93 mins	NULL
2011	Spy Kids 4: All the Time in the World	Action,Adventure,Animation,Comedy,Drama,Family,Fantasy,Music,Musical,Sci-Fi,Sport	en	89 mins	PG
2015	A Horse for Christmas	Action,Family	en	88 mins	NULL
1997	Speed 2: Cruise Control	Action,Adventure,Crime,Romance,Thriller	en	121 mins	PG-13
2019	Mermaid Down	Action,Fantasy,Horror,Mystery,Thriller	en	91 mins	NULL
1975	The Premonition	Action,Horror,Sci-Fi,Thriller	en	94 mins	NULL
2005	Devour	Action,Horror	en	90 mins	R
1982	Kono ko no nanatsu no oiwai ni	Crime,Drama,Mystery	ja	111 mins	NULL
1995	Leprechaun 3	Action,Comedy,Fantasy,Horror	en	90 mins	R
1967	Bedazzled	Action,Comedy,Fantasy,Romance	en	103 mins	NULL
1996	The Nutty Professor	Action,Comedy,Romance,Sci-Fi	en	95 mins	PG-13
2019	Clown	Action,Horror,Thriller	en	87 mins	NULL
2018	Backtrace	Action,Crime,Drama,Sci-Fi,Thriller	en	92 mins	R
2013	Red Family	Action,Drama	ko	99 mins	NULL
2020	Healing River	Action,Drama	en	NULL	PG-13
1985	The Bride	Action,Fantasy,Horror,Romance,Sci-Fi	en	114 mins	NULL
2016	The Wilding	Action,Drama,Sci-Fi	en	83 mins	NULL
1986	Nutcracker	Action,Family,Fantasy,Music	en	89 mins	NULL
2006	Pulse	Action,Horror,Sci-Fi,Thriller	en	90 mins	PG-13
1981	Mary Millington's World Striptease Extravaganza	Action	en	NULL	NULL
2014	Gutshot Straight	Action,Crime,Thriller	en	85 mins	R
1987	The Squeeze	Action,Comedy,Crime,Romance,Thriller	en	101 mins	NULL
2006	S@motnosc w sieci	Action,Drama,Romance	pl	124 mins	NULL
2021	V/H/S/94	Action,Horror,Mystery,Thriller	en	103 mins	NULL
2013	An Ethics Lesson	Drama,Thriller	ko	110 mins	NULL
2010	The Woodmans	Action,Biography,Documentary	en	NULL	NULL
2015	Falciani's Tax Bomb: The Man Behind the Swiss Leaks	Action,Documentary	es	90 mins	NULL
2015	Naz & Maalik	Action,Adventure,Comedy,Drama,Romance	en	86 mins	NULL
2014	Before I Go to Sleep	Action,Drama,Horror,Mystery,Romance,Thriller	en	92 mins	R
1981	Piranha II: The Spawning	Action,Drama,Horror,Romance,Sci-Fi,Thriller	en	94 mins	NULL
2015	Once Upon a Holiday	Action,Comedy,Drama,Romance	en	84 mins	NULL
2016	We Need to Talk	Action,Comedy,Romance	es	91 mins	NULL
2020	Ben Platt Live from Radio City Music Hall	Action,Music	en	85 mins	NULL
1978	The Legacy	Action,Horror	en	102 mins	NULL
2018	Puffs: Filmed Live Off Broadway	Adventure,Comedy	en	118 mins	NULL
2015	Ten Thousand Saints	Action,Comedy,Drama,Music	en	113 mins	R
1999	Les parasites	Comedy	fr	90 mins	NULL
2014	Animals	Action,Drama	en	90 mins	NULL
1959	Maigret and the St. Fiacre Case	Action,Crime,Drama,Thriller	fr	101 mins	NULL
2020	Hearts of Winter	Action,Drama,Romance	en	83 mins	NULL
2007	Brave	Action	th	92 mins	NULL
2020	Vibration	Action,Horror	fr	73 mins	NULL
2014	Mr. Miracle	Action,Comedy,Drama,Family,Fantasy,Romance	en	86 mins	NULL
2008	Naoko	Action,Drama,Romance,Sport	ja	120 mins	NULL
2019	Gina Brillon: Easily Offended	Action,Comedy	en	NULL	NULL
1964	A Hard Day's Night	Action,Comedy,Music,Musical	en	87 mins	NULL
2021	The Pleasant Valley War	Action,Documentary,Western	en	NULL	NULL
2017	Creature Cabin	Action,Comedy,Horror	en	90 mins	NULL
1977	Chinatown Kid	Action,Drama	zh	117 mins	NULL
2021	Twas the Night	Comedy,Thriller	en	83 mins	NULL
2012	Saving the Titanic	Action,Drama,History	en	90 mins	NULL
2021	The Vault	Action,Adventure,Thriller	en	118 mins	R
1966	Kiganjo No Boken (1966)	Action,Adventure,Family,Fantasy	ja	105 mins	NULL
1979	The In-Laws	Action,Adventure,Comedy,Crime,Thriller	en	103 mins	NULL
2022	Ranveer vs. Wild with Bear Grylls	Documentary	en	70 mins	NULL
2021	Voyage Into the Night	Action,Crime,Drama,Mystery,Thriller	en	103 mins	NULL
2005	Las vueltas del citrillo	Action,Drama,Fantasy	es	95 mins	NULL
2011	Scream 4	Action,Comedy,Horror,Mystery	en	111 mins	R
2013	Return to the Hiding Place	Action,Drama,History,Thriller,War	en	102 mins	PG-13
2005	McBride: Anybody Here Murder Marty?	Action,Crime,Drama,Mystery	en	100 mins	NULL
2019	The House	Horror	es	75 mins	NULL
2011	Salmon Fishing in the Yemen	Action,Comedy,Drama,Romance	en	107 mins	PG-13
1965	Sleepy Eyes of Death: Sword of Satan	Action,Drama	ja	75 mins	NULL
2019	DreadOut	Action,Adventure,Fantasy,Horror,Mystery,Thriller	id	97 mins	NULL
1988	Earth Girls Are Easy	Action,Comedy,Musical,Romance,Sci-Fi	en	100 mins	NULL
2016	Felicia Impastato	Action,Drama	it	99 mins	NULL
2019	Commitment	Action,Drama	tr	135 mins	NULL
2018	Three Days of Glory	Action,Documentary	en	72 mins	NULL
2016	Musudan	Action,Mystery,Thriller	ko	87 mins	NULL
2018	Next Gen	Action,Adventure,Animation,Comedy,Drama,Family,Sci-Fi	en	106 mins	NULL
2022	Goliath	Drama,Thriller	fr	121 mins	NULL
1989	Kiki's Delivery Service	Action,Adventure,Animation,Drama,Family,Fantasy	ja	103 mins	NULL
2020	Chained	Action,Crime,Thriller	en	104 mins	NULL
1988	The Siege of Firebase Gloria	Action,Drama,War	en	99 mins	NULL
2010	Trader Games	Action,Drama,Thriller	fr	85 mins	NULL
2007	Jekyll	Action,Horror,Sci-Fi,Thriller	en	96 mins	NULL
1969	Carry on Camping	Action,Comedy	en	88 mins	NULL
1983	The Final Terror	Action,Horror	en	84 mins	NULL
2019	A Dog Barking at the Moon	Action,Drama	zh	107 mins	NULL
2016	Possession	Action,Sci-Fi	en	NULL	NULL
2003	Sexphone & the Lonely Wave	Action,Comedy,Romance	th	112 mins	NULL
2020	Back to Chernobyl	Action,Documentary	ru	NULL	NULL
1964	A Shot in the Dark	Action,Comedy,Mystery	en	102 mins	NULL
1992	Crossing the Bridge	Action,Comedy,Drama	en	103 mins	R
2018	Conviction	Action,Drama	fr	110 mins	NULL
1966	Who's Afraid of Virginia Woolf?	Action,Drama	en	131 mins	NULL
1981	Nobody's Perfekt	Action,Comedy	en	96 mins	NULL
2018	Made in Italy	Comedy,Drama	it	100 mins	NULL
2007	Counter Investigation	Action,Crime,Thriller	fr	85 mins	NULL
2018	Space Explorers	Action,Animation	en	77 mins	NULL
1983	Le Marginal	Action,Crime,Drama,Thriller	fr	103 mins	NULL
2017	Vixen: The Movie	Action,Animation,Fantasy,Sci-Fi	en	75 mins	NULL
2017	Baby Bump(s)	Comedy,Drama	fr	94 mins	NULL
1988	Deadbeat at Dawn	Action,Crime,Horror	en	80 mins	NULL
2021	Little Sorcerer	Action,Adventure,Animation,Family,Fantasy	en	86 mins	NULL
2012	Few Words	Action,Documentary,Sport	en	NULL	NULL
2018	Hell House LLC II: The Abaddon Hotel	Action,Horror,Mystery	en	83 mins	NULL
2018	Capernaum	Action,Drama	ar	126 mins	R
2007	The Simpsons Movie	Action,Adventure,Animation,Comedy	en	87 mins	PG-13
2018	Killer High	Action,Comedy,Horror	en	87 mins	NULL
2018	Rwanda	Action,Drama,History,War	it	90 mins	NULL
1933	Ex-Lady	Action,Comedy,Drama	en	67 mins	NULL
2015	Victor Frankenstein	Action,Drama,Horror,Sci-Fi,Thriller	en	110 mins	PG-13
2010	Some Days Are Better Than Others	Action,Drama	en	93 mins	NULL
2019	Jack & Yaya	Action,Documentary	en	84 mins	NULL
2011	Accidentally in Love	Action,Comedy,Drama,Romance	en	88 mins	NULL
1956	War and Peace	Action,Drama,History,Romance,War	en	208 mins	PG
2011	Limitless	Action,Mystery,Sci-Fi,Thriller	en	105 mins	PG-13
2019	The Bygone	Action,Crime,Drama,Mystery,Thriller	en	115 mins	NULL
2021	Lee Su-geun: The Sense Coach	Action,Comedy	ko	NULL	NULL
2013	Hansel & Gretel Get Baked	Action,Comedy,Horror	en	86 mins	NULL
2019	The Book of Job	Action,Comedy,Drama	en	90 mins	NULL
2007	881	Action,Comedy,Drama,Musical	zh	115 mins	NULL
2021	Venus as a Boy	Action,Drama,Romance	en	104 mins	R
2013	Gu00f6tterdu00e4mmerung	Action,Music	en	292 mins	NULL
1980	Heaven's Gate	Action,Adventure,Drama,Western	en	219 mins	NULL
1988	The Lair of the White Worm	Action,Comedy,Horror	en	93 mins	NULL
2016	X-Men: Apocalypse	Action,Adventure,Sci-Fi	en	144 mins	PG-13
2021	The Black Crowes Brothers of a Feather Live at the Chapel	Action,Music	en	78 mins	NULL
2016	Rise of the Trolls	Action,Documentary	en	NULL	NULL
2005	Only the Night	Action,Drama,Romance	fr	100 mins	NULL
1973	Detroit 9000	Action,Crime,Drama	en	106 mins	NULL
2014	Highway	Action,Crime,Drama,Romance	hi	133 mins	NULL
2013	CrazySexyCool: The TLC Story	Action,Biography,Drama,Music	en	105 mins	NULL
2010	Student Services	Action,Drama,Romance	fr	100 mins	NULL
1984	Dreamscape	Action,Adventure,Horror,Sci-Fi,Thriller	en	99 mins	NULL
2013	Madea Gets a Job	Action,Comedy	en	145 mins	NULL
2021	Women	Action,Crime,Drama,Thriller	en	92 mins	NULL
1993	The Three Musketeers	Action,Adventure,Comedy,Family,Romance	en	105 mins	PG
1980	Xanadu	Action,Fantasy,Musical,Romance	en	96 mins	NULL
2015	Saveart: Recycling Art	Documentary	it	64 mins	NULL
2013	Horns	Action,Comedy,Crime,Drama,Fantasy,Horror,Mystery,Thriller	en	120 mins	R
2004	Silver City	Action,Comedy,Drama,Mystery,Thriller	en	128 mins	R
2006	Eragon	Action,Adventure,Family,Fantasy	en	104 mins	PG
2019	A Dog's Journey	Action,Adventure,Comedy,Drama,Family,Fantasy	en	109 mins	PG
2016	Our Kind of Traitor	Action,Crime,Drama,Thriller	en	108 mins	R
1969	Support Your Local Sheriff!	Action,Comedy,Romance,Western	en	92 mins	NULL
2014	Northmen - A Viking Saga	Action,Adventure,Drama,History	en	97 mins	R
2021	40-Love	Action,Comedy,Sport	en	98 mins	NULL
2009	Creation	Action,Biography,Drama,Romance	en	108 mins	PG-13
2014	The Case Against 8	Action,Biography,Documentary,News	en	109 mins	NULL
1932	The Crowd Roars	Action,Drama,Sport	en	85 mins	NULL
1970	Permissive	Action,Drama	en	90 mins	NULL
2019	Trading Paint	Action,Drama,Sport,Thriller	en	87 mins	R
2007	The Signal	Horror,Sci-Fi,Thriller	en	103 mins	R
2019	The Kingdom of Var	Action,Horror,Sci-Fi,Thriller	en	81 mins	NULL
1987	Tandem	Action,Comedy,Drama	fr	86 mins	NULL
1990	May Fools	Action,Comedy,Romance	fr	107 mins	NULL
2004	Install	Action,Drama	ja	94 mins	NULL
2005	Riding the Bus with My Sister	Drama	en	90 mins	NULL
2016	Center of My World	Action,Drama,Romance	de	115 mins	NULL
2021	P!nk: All I Know So Far	Action,Biography,Documentary,Music	en	99 mins	NULL
2013	The House Across the Street	Action,Horror,Thriller	en	93 mins	NULL
1969	Horror House	Action,Fantasy,Horror,Thriller	en	92 mins	NULL
1954	BBC Sunday-Night Theatre Nineteen Eighty-Four	Drama	en	114 mins	NULL
2019	The Last Right	Action,Comedy,Drama	en	106 mins	NULL
1969	Obsessions	Drama,Thriller	en	100 mins	NULL
2009	Stay Cool	Action,Comedy,Drama,Romance	en	94 mins	PG-13
2013	Sole a catinelle	Action,Comedy	it	87 mins	NULL
2013	The Exhibition	Action,Crime,Documentary,Drama	en	90 mins	NULL
1957	The Brothers Rico	Action,Crime,Drama,Film-Noir,Thriller	en	92 mins	NULL
2019	Listen to the Universe	Action,Drama,Music	ja	119 mins	NULL
1984	Nausicau00e4 of the Valley of the Wind	Action,Adventure,Animation,Fantasy,Sci-Fi	ja	117 mins	PG
1993	Last Action Hero	Action,Adventure,Comedy,Fantasy	en	130 mins	PG-13
2008	One Missed Call	Action,Horror,Mystery	en	87 mins	PG-13
1996	Michael Collins	Action,Biography,Drama,History,Thriller,War	en	133 mins	R
2017	65th	Action,Mystery,Thriller	en	78 mins	NULL
1966	The Treasure of San Gennaro	Comedy,Crime	it	104 mins	NULL
2019	Two Heads Creek	Action,Comedy,Horror,Thriller	en	85 mins	NULL
2009	Father of My Children	Action,Drama	fr	110 mins	NULL
1992	Husbands and Wives	Action,Comedy,Drama,Romance	en	108 mins	R
1929	Berth Marks	Comedy	en	NULL	NULL
1998	Phantoms	Action,Horror,Sci-Fi,Thriller	en	96 mins	R
2018	Astro	Action,Mystery,Sci-Fi,Thriller	en	105 mins	NULL
2021	The Road Ahead	Action,Drama	en	90 mins	NULL
2014	Debug	Action,Horror,Sci-Fi	en	86 mins	NULL
1979	The Shogun Assassins	Action,Drama	ja	148 mins	NULL
2013	Oculus	Action,Horror,Mystery	en	104 mins	R
1956	The Mountain	Action,Adventure,Drama	en	105 mins	NULL
2016	Midnight Special	Action,Adventure,Drama,Mystery,Sci-Fi,Thriller	en	112 mins	PG-13
2013	Rape Zombie: Lust of the Dead 2	Action,Horror	ja	67 mins	NULL
2018	My Rival is Son-in-law, My Lover is Son-in-law	Comedy	cn	109 mins	NULL
2017	Fishtales 2	Action,Animation	en	70 mins	NULL
1992	L.627	Crime,Drama,Thriller	fr	145 mins	NULL
1946	A Horseshoe for Luck	Action,Animation	cs	NULL	NULL
2018	Abducted	Action,Crime,Drama,Thriller	en	110 mins	NULL
1975	The Old Gun	Action,Drama,Thriller,War	fr	103 mins	NULL
2019	Chain of Death	Action,Thriller	ru	101 mins	NULL
1992	Forbidden Love: The Unashamed Stories of Lesbian Lives	Documentary	en	85 mins	NULL
2011	Immortals	Action,Drama,Fantasy,Romance	en	110 mins	R
1964	Charulata	Action,Drama,Romance	bn	117 mins	NULL
2020	I Carry You with Me	Drama	es	111 mins	R
2003	In Hell	Action,Drama,Thriller	en	98 mins	R
2017	A Christmas Story Live!	Action,Comedy,Family,Musical	en	133 mins	NULL
2011	Madea's Big Happy Family	Action,Comedy,Drama	en	106 mins	PG-13
1943	I Walked with a Zombie	Action,Drama,Fantasy,Horror,Romance	en	69 mins	NULL
2019	Tower of Silence	Action,Fantasy	en	107 mins	NULL
2019	Big Fur	Action,Documentary	en	76 mins	NULL
2017	The Misandrists	Action,Comedy,Drama	en	91 mins	NULL
1976	The Most Perverted Post War Crimes	Action,Crime,Drama	ja	78 mins	NULL
2016	The Forest	Action,Horror,Mystery,Thriller	en	93 mins	PG-13
1993	Rudy	Action,Biography,Drama,Sport	en	114 mins	PG
2014	The Infinite Man	Action,Comedy,Fantasy,Sci-Fi	en	85 mins	NULL
2022	Swap Me, Baby	Action,Comedy	en	82 mins	NULL
1985	American Flyers	Action,Drama,Sport	en	113 mins	NULL
2004	Eve's Christmas	Comedy,Family	en	96 mins	NULL
2017	2020	Action,Adventure,Sci-Fi,Thriller	en	90 mins	NULL
2018	Fallen	Action,Mystery,Sci-Fi,Thriller	ko	113 mins	NULL
1998	The Long Way Home	Action,Adventure,Drama,Family	en	96 mins	NULL
2019	Elf Pets: Santa's Reindeer Rescue	Action,Family	en	NULL	NULL
1991	The Addams Family	Action,Comedy,Fantasy	en	99 mins	NULL
2021	Sherni	Action,Adventure,Drama,Thriller	hi	131 mins	NULL
1971	Without Apparent Motive	Action,Mystery,Thriller	fr	100 mins	NULL
2021	4 Kings	Action,Crime,Drama,Thriller	th	139 mins	NULL
2013	The Trials of Muhammad Ali	Action,Biography,Documentary,Sport,War	en	86 mins	NULL
2021	They Talk to Me	Action,Horror,Mystery,Thriller	it	96 mins	NULL
1947	Lured	Action,Crime,Film-Noir,Mystery,Thriller	en	102 mins	NULL
2006	Hatchet	Action,Comedy,Horror,Thriller	en	93 mins	R
1979	The Villain	Action,Comedy,Western	en	89 mins	NULL
2022	El Rezador	Action,Thriller	es	96 mins	NULL
2016	No Beast So Fierce	Action,Drama,Thriller	en	85 mins	NULL
2018	Faith, Love & Chocolate	Comedy,Drama,Family	en	84 mins	NULL
1968	No Way to Treat a Lady	Action,Comedy,Crime,Drama,Mystery,Thriller	en	108 mins	NULL
2005	Havoc	Action,Crime,Drama	en	85 mins	R
1943	Old Acquaintance	Action,Drama,Romance	en	110 mins	NULL
2000	Rugrats in Paris	Adventure,Animation,Comedy,Family,Romance	en	78 mins	NULL
2017	Vikram Vedha	Action,Crime,Drama,Thriller	ta	147 mins	NULL
2008	Hell Ride	Action,Drama,Thriller	en	84 mins	R
2012	The Eleventh Victim	Action,Thriller	en	89 mins	NULL
2006	ATL	Action,Comedy,Crime,Drama,Music,Romance	en	105 mins	PG-13
1996	Set It Off	Action,Crime,Drama,Romance,Thriller	en	123 mins	R
1982	The King of Comedy	Action,Comedy,Crime,Drama,Thriller	en	109 mins	NULL
1963	The Girl Hunters	Action,Crime,Drama,Mystery,Thriller	en	98 mins	NULL
2019	Just Don't Think I'll Scream	Documentary	fr	75 mins	NULL
1983	WarGames	Action,Adventure,Drama,Sci-Fi,Thriller	en	114 mins	NULL
2004	Christmas with the Kranks	Action,Comedy,Family	en	99 mins	PG
2003	DC 9/11: Time of Crisis	Action,Drama,History	en	128 mins	R
2016	Cherry Returns	Action,Drama,Mystery,Thriller	zh	89 mins	NULL
1976	Bloodsucking Freaks	Action,Comedy,Horror	en	84 mins	NULL
2022	THE PREY: Legend of Karnoctus	Action,Sci-Fi,Thriller	en	93 mins	NULL
1928	Beggars of Life	Action,Adventure,Drama	en	80 mins	NULL
2004	From Other Worlds	Comedy,Sci-Fi	en	88 mins	NULL
2015	El Crazy Che	Action,Animation,Biography,Documentary	es	83 mins	NULL
1950	The Asphalt Jungle	Action,Crime,Drama,Film-Noir,Thriller	en	112 mins	NULL
2019	Bad Education	Action,Biography,Comedy,Crime,Drama	en	108 mins	NULL
2010	Crazy on the Outside	Action,Comedy,Crime	en	96 mins	PG-13
1989	Wait Until Spring, Bandini	Drama	en	100 mins	NULL
2011	Deck the Halls	Action,Crime,Drama,Family,Mystery,Romance	en	90 mins	NULL
2017	Steel Rain	Action,Drama,Thriller	ko	139 mins	NULL
1943	Heaven Can Wait	Action,Comedy,Drama,Fantasy,Romance	en	112 mins	NULL
2015	Chasing Valentine	Action,Drama,Thriller	en	87 mins	NULL
2022	Watcher	Action,Drama,Horror,Thriller	en	91 mins	R
2013	Party Central	Action,Adventure,Animation,Comedy,Family,Fantasy	en	NULL	PG
1967	The Taming of The Shrew	Action,Comedy,Drama,Romance	en	122 mins	NULL
1954	Creature from the Black Lagoon	Action,Horror,Sci-Fi	en	79 mins	NULL
2010	The Big 4: Live from Sofia, Bulgaria	Action,Documentary,Music	en	364 mins	NULL
2018	Vultures	Action,Crime,Drama,Thriller	is	95 mins	NULL
2020	Influence	Action,Drama,Mystery,Thriller	en	92 mins	NULL
2018	Backstabbing for Beginners	Action,Drama,History,Romance,Thriller	en	108 mins	R
2003	Kangaroo Jack	Action,Adventure,Comedy,Crime,Family	en	89 mins	NULL
2018	22 July	Action,Crime,Drama,History,Thriller	en	143 mins	R
2022	Press Play	Action,Music,Romance,Sci-Fi	en	85 mins	PG-13
2015	Truman	Action,Comedy,Drama	es	108 mins	NULL
2015	Contracted: Phase II	Action,Drama,Horror,Thriller	en	78 mins	NULL
2017	The Highway Rat	Action,Adventure,Animation,Comedy,Family	en	NULL	NULL
2011	No Strings Attached	Action,Comedy,Romance	en	108 mins	R
1940	The Invisible Woman	Action,Comedy,Romance,Sci-Fi	en	72 mins	NULL
2008	Two Lovers	Action,Drama,Romance	en	110 mins	R
2019	Young Ahmed	Action,Drama	fr	85 mins	NULL
1992	The Power of One	Action,Drama,Sport	en	127 mins	PG-13
1954	Karin Mu00e5nsdotter	Action,Drama,History	sv	108 mins	NULL
2005	Storm	Action,Drama,Fantasy,Mystery,Thriller	sv	110 mins	NULL
1972	Night of the Cobra Woman	Horror,Thriller	en	85 mins	NULL
1985	Baby: Secret of the Lost Legend	Action,Adventure,Family,Sci-Fi	en	95 mins	NULL
2020	Insert Coin	Action,Documentary	en	101 mins	NULL
2002	Blue	Action,Drama,Romance	ja	116 mins	NULL
